species;fish;agei;radi;lencap;radcap;agecap;L0p
CH_JO;CH_JO_MO_03_16_001;0;0.072691127;;0.987026342;9;3.05
CH_JO;CH_JO_MO_03_16_001;1;0.600003333;;0.987026342;9;3.05
CH_JO;CH_JO_MO_03_16_001;2;0.724039618;;0.987026342;9;3.05
CH_JO;CH_JO_MO_03_16_001;3;0.772050034;;0.987026342;9;3.05
CH_JO;CH_JO_MO_03_16_001;4;0.80795268;;0.987026342;9;3.05
CH_JO;CH_JO_MO_03_16_001;5;0.845965836;;0.987026342;9;3.05
CH_JO;CH_JO_MO_03_16_001;6;0.879101919;;0.987026342;9;3.05
CH_JO;CH_JO_MO_03_16_001;7;0.907333107;;0.987026342;9;3.05
CH_JO;CH_JO_MO_03_16_001;8;0.943554648;;0.987026342;9;3.05
CH_JO;CH_JO_MO_03_16_001;9;0.967741421;;0.987026342;9;3.05
CH_JO;CH_JO_MO_03_16_002;0;0.096881371;;1.111075605;9;3.05
CH_JO;CH_JO_MO_03_16_002;1;0.663416913;;1.111075605;9;3.05
CH_JO;CH_JO_MO_03_16_002;2;0.768421674;;1.111075605;9;3.05
CH_JO;CH_JO_MO_03_16_002;3;0.847478616;;1.111075605;9;3.05
CH_JO;CH_JO_MO_03_16_002;4;0.924640783;;1.111075605;9;3.05
CH_JO;CH_JO_MO_03_16_002;5;0.961041332;;1.111075605;9;3.05
CH_JO;CH_JO_MO_03_16_002;6;1.000853391;;1.111075605;9;3.05
CH_JO;CH_JO_MO_03_16_002;7;1.039802075;;1.111075605;9;3.05
CH_JO;CH_JO_MO_03_16_002;8;1.064153666;;1.111075605;9;3.05
CH_JO;CH_JO_MO_03_16_002;9;1.092806764;;1.111075605;9;3.05
CH_JO;CH_JO_MO_03_16_003;0;0.074672619;;1.00097952;7;3.05
CH_JO;CH_JO_MO_03_16_003;1;0.757879278;;1.00097952;7;3.05
CH_JO;CH_JO_MO_03_16_003;2;0.80144532;;1.00097952;7;3.05
CH_JO;CH_JO_MO_03_16_003;3;0.838808403;;1.00097952;7;3.05
CH_JO;CH_JO_MO_03_16_003;4;0.872349423;;1.00097952;7;3.05
CH_JO;CH_JO_MO_03_16_003;5;0.905334268;;1.00097952;7;3.05
CH_JO;CH_JO_MO_03_16_003;6;0.937474585;;1.00097952;7;3.05
CH_JO;CH_JO_MO_03_16_003;7;0.975749904;;1.00097952;7;3.05
CH_JO;CH_JO_MO_03_16_004;0;0.09932774;;1.023672311;8;3.05
CH_JO;CH_JO_MO_03_16_004;1;0.616798995;;1.023672311;8;3.05
CH_JO;CH_JO_MO_03_16_004;2;0.743388884;;1.023672311;8;3.05
CH_JO;CH_JO_MO_03_16_004;3;0.827251867;;1.023672311;8;3.05
CH_JO;CH_JO_MO_03_16_004;4;0.877610581;;1.023672311;8;3.05
CH_JO;CH_JO_MO_03_16_004;5;0.919383778;;1.023672311;8;3.05
CH_JO;CH_JO_MO_03_16_004;6;0.96294982;;1.023672311;8;3.05
CH_JO;CH_JO_MO_03_16_004;7;0.982974804;;1.023672311;8;3.05
CH_JO;CH_JO_MO_03_16_004;8;1.003590332;;1.023672311;8;3.05
CH_JO;CH_JO_MO_03_16_005;0;0.093263069;;0.859860454;5;3.05
CH_JO;CH_JO_MO_03_16_005;1;0.531;;0.859860454;5;3.05
CH_JO;CH_JO_MO_03_16_005;2;0.697171598;;0.859860454;5;3.05
CH_JO;CH_JO_MO_03_16_005;3;0.745503782;;0.859860454;5;3.05
CH_JO;CH_JO_MO_03_16_005;4;0.790813825;;0.859860454;5;3.05
CH_JO;CH_JO_MO_03_16_005;5;0.832407094;;0.859860454;5;3.05
CH_JO;CH_JO_MO_03_16_006;0;0.09226592;;1.087183977;8;3.05
CH_JO;CH_JO_MO_03_16_006;1;0.720250651;;1.087183977;8;3.05
CH_JO;CH_JO_MO_03_16_006;2;0.83928846;;1.087183977;8;3.05
CH_JO;CH_JO_MO_03_16_006;3;0.913349246;;1.087183977;8;3.05
CH_JO;CH_JO_MO_03_16_006;4;0.959878806;;1.087183977;8;3.05
CH_JO;CH_JO_MO_03_16_006;5;0.99055453;;1.087183977;8;3.05
CH_JO;CH_JO_MO_03_16_006;6;1.019190172;;1.087183977;8;3.05
CH_JO;CH_JO_MO_03_16_006;7;1.0458735;;1.087183977;8;3.05
CH_JO;CH_JO_MO_03_16_006;8;1.070388801;;1.087183977;8;3.05
CH_JO;CH_JO_MO_03_16_007;0;0.076243032;;0.944661315;9;3.05
CH_JO;CH_JO_MO_03_16_007;1;0.521774856;;0.944661315;9;3.05
CH_JO;CH_JO_MO_03_16_007;2;0.60029237;;0.944661315;9;3.05
CH_JO;CH_JO_MO_03_16_007;3;0.684387554;;0.944661315;9;3.05
CH_JO;CH_JO_MO_03_16_007;4;0.751395016;;0.944661315;9;3.05
CH_JO;CH_JO_MO_03_16_007;5;0.815034626;;0.944661315;9;3.05
CH_JO;CH_JO_MO_03_16_007;6;0.853047782;;0.944661315;9;3.05
CH_JO;CH_JO_MO_03_16_007;7;0.885063403;;0.944661315;9;3.05
CH_JO;CH_JO_MO_03_16_007;8;0.907624432;;0.944661315;9;3.05
CH_JO;CH_JO_MO_03_16_007;9;0.927724183;;0.944661315;9;3.05
CH_JO;CH_JO_MO_03_16_008;0;0.091214034;;0.910428471;9;3.05
CH_JO;CH_JO_MO_03_16_008;1;0.512111316;;0.910428471;9;3.05
CH_JO;CH_JO_MO_03_16_008;2;0.59409912;;0.910428471;9;3.05
CH_JO;CH_JO_MO_03_16_008;3;0.661181159;;0.910428471;9;3.05
CH_JO;CH_JO_MO_03_16_008;4;0.730535323;;0.910428471;9;3.05
CH_JO;CH_JO_MO_03_16_008;5;0.782544937;;0.910428471;9;3.05
CH_JO;CH_JO_MO_03_16_008;6;0.817084769;;0.910428471;9;3.05
CH_JO;CH_JO_MO_03_16_008;7;0.83855568;;0.910428471;9;3.05
CH_JO;CH_JO_MO_03_16_008;8;0.861402999;;0.910428471;9;3.05
CH_JO;CH_JO_MO_03_16_008;9;0.89316776;;0.910428471;9;3.05
CH_JO;CH_JO_MO_03_16_009;0;0.078517514;;0.951579739;7;3.05
CH_JO;CH_JO_MO_03_16_009;1;0.659134281;;0.951579739;7;3.05
CH_JO;CH_JO_MO_03_16_009;2;0.729348239;;0.951579739;7;3.05
CH_JO;CH_JO_MO_03_16_009;3;0.77172748;;0.951579739;7;3.05
CH_JO;CH_JO_MO_03_16_009;4;0.822056398;;0.951579739;7;3.05
CH_JO;CH_JO_MO_03_16_009;5;0.863166007;;0.951579739;7;3.05
CH_JO;CH_JO_MO_03_16_009;6;0.90028743;;0.951579739;7;3.05
CH_JO;CH_JO_MO_03_16_009;7;0.940212359;;0.951579739;7;3.05
CH_JO;CH_JO_MO_03_16_010;0;0.07542546;;0.964283153;8;3.05
CH_JO;CH_JO_MO_03_16_010;1;0.617450403;;0.964283153;8;3.05
CH_JO;CH_JO_MO_03_16_010;2;0.70193117;;0.964283153;8;3.05
CH_JO;CH_JO_MO_03_16_010;3;0.766219583;;0.964283153;8;3.05
CH_JO;CH_JO_MO_03_16_010;4;0.834373819;;0.964283153;8;3.05
CH_JO;CH_JO_MO_03_16_010;5;0.893602191;;0.964283153;8;3.05
CH_JO;CH_JO_MO_03_16_010;6;0.916074396;;0.964283153;8;3.05
CH_JO;CH_JO_MO_03_16_010;7;0.938435076;;0.964283153;8;3.05
CH_JO;CH_JO_MO_03_16_010;8;0.954087552;;0.964283153;8;3.05
CH_JO;CH_JO_MO_03_16_011;0;NA;;0.94253541;8;3.05
CH_JO;CH_JO_MO_03_16_011;1;0.540220452;;0.94253541;8;3.05
CH_JO;CH_JO_MO_03_16_011;2;0.622949665;;0.94253541;8;3.05
CH_JO;CH_JO_MO_03_16_011;3;0.695576492;;0.94253541;8;3.05
CH_JO;CH_JO_MO_03_16_011;4;0.750949694;;0.94253541;8;3.05
CH_JO;CH_JO_MO_03_16_011;5;0.804846767;;0.94253541;8;3.05
CH_JO;CH_JO_MO_03_16_011;6;0.846424308;;0.94253541;8;3.05
CH_JO;CH_JO_MO_03_16_011;7;0.882031543;;0.94253541;8;3.05
CH_JO;CH_JO_MO_03_16_011;8;0.916549657;;0.94253541;8;3.05
CH_JO;CH_JO_MO_03_16_012;0;0.055901699;;0.996980441;9;3.05
CH_JO;CH_JO_MO_03_16_012;1;0.556683034;;0.996980441;9;3.05
CH_JO;CH_JO_MO_03_16_012;2;0.644683034;;0.996980441;9;3.05
CH_JO;CH_JO_MO_03_16_012;3;0.701761926;;0.996980441;9;3.05
CH_JO;CH_JO_MO_03_16_012;4;0.759796399;;0.996980441;9;3.05
CH_JO;CH_JO_MO_03_16_012;5;0.817805019;;0.996980441;9;3.05
CH_JO;CH_JO_MO_03_16_012;6;0.875839492;;0.996980441;9;3.05
CH_JO;CH_JO_MO_03_16_012;7;0.920839492;;0.996980441;9;3.05
CH_JO;CH_JO_MO_03_16_012;8;0.955853774;;0.996980441;9;3.05
CH_JO;CH_JO_MO_03_16_012;9;0.984922658;;0.996980441;9;3.05
CH_JO;CH_JO_MO_03_16_013;0;0.069065187;;0.926199223;8;3.05
CH_JO;CH_JO_MO_03_16_013;1;0.576267299;;0.926199223;8;3.05
CH_JO;CH_JO_MO_03_16_013;2;0.648606777;;0.926199223;8;3.05
CH_JO;CH_JO_MO_03_16_013;3;0.701075815;;0.926199223;8;3.05
CH_JO;CH_JO_MO_03_16_013;4;0.745223295;;0.926199223;8;3.05
CH_JO;CH_JO_MO_03_16_013;5;0.790621533;;0.926199223;8;3.05
CH_JO;CH_JO_MO_03_16_013;6;0.834666964;;0.926199223;8;3.05
CH_JO;CH_JO_MO_03_16_013;7;0.882833342;;0.926199223;8;3.05
CH_JO;CH_JO_MO_03_16_013;8;0.908012699;;0.926199223;8;3.05
CH_JO;CH_JO_MO_03_16_014;0;0.071309186;;0.840595027;6;3.05
CH_JO;CH_JO_MO_03_16_014;1;0.539889804;;0.840595027;6;3.05
CH_JO;CH_JO_MO_03_16_014;2;0.640458188;;0.840595027;6;3.05
CH_JO;CH_JO_MO_03_16_014;3;0.712151982;;0.840595027;6;3.05
CH_JO;CH_JO_MO_03_16_014;4;0.763151982;;0.840595027;6;3.05
CH_JO;CH_JO_MO_03_16_014;5;0.809032261;;0.840595027;6;3.05
CH_JO;CH_JO_MO_03_16_014;6;0.82738982;;0.840595027;6;3.05
CH_JO;CH_JO_MO_03_16_015;0;0.090796476;;0.917436101;7;3.05
CH_JO;CH_JO_MO_03_16_015;1;0.529046698;;0.917436101;7;3.05
CH_JO;CH_JO_MO_03_16_015;2;0.622638487;;0.917436101;7;3.05
CH_JO;CH_JO_MO_03_16_015;3;0.71772149;;0.917436101;7;3.05
CH_JO;CH_JO_MO_03_16_015;4;0.775165983;;0.917436101;7;3.05
CH_JO;CH_JO_MO_03_16_015;5;0.820024826;;0.917436101;7;3.05
CH_JO;CH_JO_MO_03_16_015;6;0.852707323;;0.917436101;7;3.05
CH_JO;CH_JO_MO_03_16_015;7;0.87583836;;0.917436101;7;3.05
CH_JO;CH_JO_MO_03_16_016;0;0.072006944;;0.791656491;8;3.05
CH_JO;CH_JO_MO_03_16_016;1;0.516047478;;0.791656491;8;3.05
CH_JO;CH_JO_MO_03_16_016;2;0.60273081;;0.791656491;8;3.05
CH_JO;CH_JO_MO_03_16_016;3;0.65459602;;0.791656491;8;3.05
CH_JO;CH_JO_MO_03_16_016;4;0.700487196;;0.791656491;8;3.05
CH_JO;CH_JO_MO_03_16_016;5;0.742260393;;0.791656491;8;3.05
CH_JO;CH_JO_MO_03_16_016;6;0.761907276;;0.791656491;8;3.05
CH_JO;CH_JO_MO_03_16_016;7;0.773569179;;0.791656491;8;3.05
CH_JO;CH_JO_MO_03_16_016;8;0.790332234;;0.791656491;8;3.05
CH_JO;CH_JO_MO_03_16_017;0;0.068949257;;0.994923615;6;3.05
CH_JO;CH_JO_MO_03_16_017;1;0.667955837;;0.994923615;6;3.05
CH_JO;CH_JO_MO_03_16_017;2;0.756250797;;0.994923615;6;3.05
CH_JO;CH_JO_MO_03_16_017;3;0.838305657;;0.994923615;6;3.05
CH_JO;CH_JO_MO_03_16_017;4;0.89538455;;0.994923615;6;3.05
CH_JO;CH_JO_MO_03_16_017;5;0.937491556;;0.994923615;6;3.05
CH_JO;CH_JO_MO_03_16_017;6;0.968556005;;0.994923615;6;3.05
CH_JO;CH_JO_MO_03_16_017;7;0.987660978;;0.994923615;6;3.05
CH_JO;CH_JO_MO_03_16_018;0;0.072498276;;0.874874277;5;3.05
CH_JO;CH_JO_MO_03_16_018;1;0.624263566;;0.874874277;5;3.05
CH_JO;CH_JO_MO_03_16_018;2;0.707786018;;0.874874277;5;3.05
CH_JO;CH_JO_MO_03_16_018;3;0.791649002;;0.874874277;5;3.05
CH_JO;CH_JO_MO_03_16_018;4;0.83196029;;0.874874277;5;3.05
CH_JO;CH_JO_MO_03_16_018;5;0.86111505;;0.874874277;5;3.05
CH_JO;CH_JO_MO_03_16_019;0;0.060207973;;0.912042214;6;3.05
CH_JO;CH_JO_MO_03_16_019;1;0.543779367;;0.912042214;6;3.05
CH_JO;CH_JO_MO_03_16_019;2;0.683782938;;0.912042214;6;3.05
CH_JO;CH_JO_MO_03_16_019;3;0.764807626;;0.912042214;6;3.05
CH_JO;CH_JO_MO_03_16_019;4;0.827815562;;0.912042214;6;3.05
CH_JO;CH_JO_MO_03_16_019;5;0.871826924;;0.912042214;6;3.05
CH_JO;CH_JO_MO_03_16_019;6;0.895910113;;0.912042214;6;3.05
CH_JO;CH_JO_MO_03_16_020;0;0.047074409;;0.862111362;6;3.05
CH_JO;CH_JO_MO_03_16_020;1;0.531432968;;0.862111362;6;3.05
CH_JO;CH_JO_MO_03_16_020;2;0.618409977;;0.862111362;6;3.05
CH_JO;CH_JO_MO_03_16_020;3;0.672493246;;0.862111362;6;3.05
CH_JO;CH_JO_MO_03_16_020;4;0.723844974;;0.862111362;6;3.05
CH_JO;CH_JO_MO_03_16_020;5;0.78451622;;0.862111362;6;3.05
CH_JO;CH_JO_MO_03_16_020;6;0.83317832;;0.862111362;6;3.05
SA_MI;SA_MI_MO_03_16_001;0;0.038470768;;0.667308025;7;1.8
SA_MI;SA_MI_MO_03_16_001;1;0.330106044;;0.667308025;7;1.8
SA_MI;SA_MI_MO_03_16_001;2;0.453596934;;0.667308025;7;1.8
SA_MI;SA_MI_MO_03_16_001;3;0.496550397;;0.667308025;7;1.8
SA_MI;SA_MI_MO_03_16_001;4;0.551867664;;0.667308025;7;1.8
SA_MI;SA_MI_MO_03_16_001;5;0.58972265;;0.667308025;7;1.8
SA_MI;SA_MI_MO_03_16_001;6;0.61884309;;0.667308025;7;1.8
SA_MI;SA_MI_MO_03_16_001;7;0.645917063;;0.667308025;7;1.8
SA_MI;SA_MI_MO_03_16_002;0;NA;;0.774639271;6;1.8
SA_MI;SA_MI_MO_03_16_002;1;0.379104207;;0.774639271;6;1.8
SA_MI;SA_MI_MO_03_16_002;2;0.491465233;;0.774639271;6;1.8
SA_MI;SA_MI_MO_03_16_002;3;0.557684565;;0.774639271;6;1.8
SA_MI;SA_MI_MO_03_16_002;4;0.606928854;;0.774639271;6;1.8
SA_MI;SA_MI_MO_03_16_002;5;0.662399567;;0.774639271;6;1.8
SA_MI;SA_MI_MO_03_16_002;6;0.723986903;;0.774639271;6;1.8
SA_MI;SA_MI_MO_03_16_003;0;NA;;0.921155796;5;1.8
SA_MI;SA_MI_MO_03_16_003;1;0.490740257;;0.921155796;5;1.8
SA_MI;SA_MI_MO_03_16_003;2;0.610214104;;0.921155796;5;1.8
SA_MI;SA_MI_MO_03_16_003;3;0.745165947;;0.921155796;5;1.8
SA_MI;SA_MI_MO_03_16_003;4;0.811196243;;0.921155796;5;1.8
SA_MI;SA_MI_MO_03_16_003;5;0.86502003;;0.921155796;5;1.8
SA_MI;SA_MI_MO_03_16_004;0;0.057801384;;0.749096122;5;1.8
SA_MI;SA_MI_MO_03_16_004;1;0.405843566;;0.749096122;5;1.8
SA_MI;SA_MI_MO_03_16_004;2;0.545073591;;0.749096122;5;1.8
SA_MI;SA_MI_MO_03_16_004;3;0.621624228;;0.749096122;5;1.8
SA_MI;SA_MI_MO_03_16_004;4;0.692426771;;0.749096122;5;1.8
SA_MI;SA_MI_MO_03_16_004;5;0.736255985;;0.749096122;5;1.8
SA_MI;SA_MI_MO_03_16_005;0;0.043011626;;0.836014354;7;1.8
SA_MI;SA_MI_MO_03_16_005;1;0.559797285;;0.836014354;7;1.8
SA_MI;SA_MI_MO_03_16_005;2;0.638518311;;0.836014354;7;1.8
SA_MI;SA_MI_MO_03_16_005;3;0.696293738;;0.836014354;7;1.8
SA_MI;SA_MI_MO_03_16_005;4;0.736741235;;0.836014354;7;1.8
SA_MI;SA_MI_MO_03_16_005;5;0.767416959;;0.836014354;7;1.8
SA_MI;SA_MI_MO_03_16_005;6;0.793416959;;0.836014354;7;1.8
SA_MI;SA_MI_MO_03_16_005;7;0.824673958;;0.836014354;7;1.8
SA_MI;SA_MI_MO_03_16_006;0;0.062225397;;0.755987434;6;1.8
SA_MI;SA_MI_MO_03_16_006;1;0.432019675;;0.755987434;6;1.8
SA_MI;SA_MI_MO_03_16_006;2;0.507663578;;0.755987434;6;1.8
SA_MI;SA_MI_MO_03_16_006;3;0.56905576;;0.755987434;6;1.8
SA_MI;SA_MI_MO_03_16_006;4;0.633133837;;0.755987434;6;1.8
SA_MI;SA_MI_MO_03_16_006;5;0.680935511;;0.755987434;6;1.8
SA_MI;SA_MI_MO_03_16_006;6;0.734302167;;0.755987434;6;1.8
SA_MI;SA_MI_MO_03_16_007;0;0.054589376;;0.968335686;10;1.8
SA_MI;SA_MI_MO_03_16_007;1;0.497398231;;0.968335686;10;1.8
SA_MI;SA_MI_MO_03_16_007;2;0.572551408;;0.968335686;10;1.8
SA_MI;SA_MI_MO_03_16_007;3;0.622320876;;0.968335686;10;1.8
SA_MI;SA_MI_MO_03_16_007;4;0.692328019;;0.968335686;10;1.8
SA_MI;SA_MI_MO_03_16_007;5;0.755264495;;0.968335686;10;1.8
SA_MI;SA_MI_MO_03_16_007;6;0.792960648;;0.968335686;10;1.8
SA_MI;SA_MI_MO_03_16_007;7;0.830443978;;0.968335686;10;1.8
SA_MI;SA_MI_MO_03_16_007;8;0.877962395;;0.968335686;10;1.8
SA_MI;SA_MI_MO_03_16_007;9;0.916041261;;0.968335686;10;1.8
SA_MI;SA_MI_MO_03_16_007;10;0.946124479;;0.968335686;10;1.8
SA_MI;SA_MI_MO_03_16_008;0;0.043600459;;0.801703187;7;1.8
SA_MI;SA_MI_MO_03_16_008;1;0.38082148;;0.801703187;7;1.8
SA_MI;SA_MI_MO_03_16_008;2;0.527006295;;0.801703187;7;1.8
SA_MI;SA_MI_MO_03_16_008;3;0.605822537;;0.801703187;7;1.8
SA_MI;SA_MI_MO_03_16_008;4;0.643412429;;0.801703187;7;1.8
SA_MI;SA_MI_MO_03_16_008;5;0.683661653;;0.801703187;7;1.8
SA_MI;SA_MI_MO_03_16_008;6;0.734925675;;0.801703187;7;1.8
SA_MI;SA_MI_MO_03_16_008;7;0.772141263;;0.801703187;7;1.8
SA_MI;SA_MI_MO_03_16_009;0;0.043011626;;0.730278029;8;1.8
SA_MI;SA_MI_MO_03_16_009;1;0.39427148;;0.730278029;8;1.8
SA_MI;SA_MI_MO_03_16_009;2;0.489796346;;0.730278029;8;1.8
SA_MI;SA_MI_MO_03_16_009;3;0.539192702;;0.730278029;8;1.8
SA_MI;SA_MI_MO_03_16_009;4;0.597502221;;0.730278029;8;1.8
SA_MI;SA_MI_MO_03_16_009;5;0.645387501;;0.730278029;8;1.8
SA_MI;SA_MI_MO_03_16_009;6;0.671863905;;0.730278029;8;1.8
SA_MI;SA_MI_MO_03_16_009;7;0.697806149;;0.730278029;8;1.8
SA_MI;SA_MI_MO_03_16_009;8;0.718397409;;0.730278029;8;1.8
SA_MI;SA_MI_MO_03_16_010;0;0.045122057;;0.848958185;8;1.8
SA_MI;SA_MI_MO_03_16_010;1;0.379610327;;0.848958185;8;1.8
SA_MI;SA_MI_MO_03_16_010;2;0.490303596;;0.848958185;8;1.8
SA_MI;SA_MI_MO_03_16_010;3;0.594149636;;0.848958185;8;1.8
SA_MI;SA_MI_MO_03_16_010;4;0.657086112;;0.848958185;8;1.8
SA_MI;SA_MI_MO_03_16_010;5;0.709555151;;0.848958185;8;1.8
SA_MI;SA_MI_MO_03_16_010;6;0.748874357;;0.848958185;8;1.8
SA_MI;SA_MI_MO_03_16_010;7;0.800118869;;0.848958185;8;1.8
SA_MI;SA_MI_MO_03_16_010;8;0.84028104;;0.848958185;8;1.8
SA_MI;SA_MI_MO_03_16_011;0;0.052325902;;0.902676022;8;1.8
SA_MI;SA_MI_MO_03_16_011;1;0.434078334;;0.902676022;8;1.8
SA_MI;SA_MI_MO_03_16_011;2;0.5467593;;0.902676022;8;1.8
SA_MI;SA_MI_MO_03_16_011;3;0.632345513;;0.902676022;8;1.8
SA_MI;SA_MI_MO_03_16_011;4;0.682634677;;0.902676022;8;1.8
SA_MI;SA_MI_MO_03_16_011;5;0.730016108;;0.902676022;8;1.8
SA_MI;SA_MI_MO_03_16_011;6;0.774960518;;0.902676022;8;1.8
SA_MI;SA_MI_MO_03_16_011;7;0.827762033;;0.902676022;8;1.8
SA_MI;SA_MI_MO_03_16_011;8;0.877691984;;0.902676022;8;1.8
SA_MI;SA_MI_MO_03_16_012;0;0.04;;0.8421051;9;1.8
SA_MI;SA_MI_MO_03_16_012;1;0.526156821;;0.8421051;9;1.8
SA_MI;SA_MI_MO_03_16_012;2;0.614700595;;0.8421051;9;1.8
SA_MI;SA_MI_MO_03_16_012;3;0.647942135;;0.8421051;9;1.8
SA_MI;SA_MI_MO_03_16_012;4;0.685050086;;0.8421051;9;1.8
SA_MI;SA_MI_MO_03_16_012;5;0.716625393;;0.8421051;9;1.8
SA_MI;SA_MI_MO_03_16_012;6;0.751410447;;0.8421051;9;1.8
SA_MI;SA_MI_MO_03_16_012;7;0.781675939;;0.8421051;9;1.8
SA_MI;SA_MI_MO_03_16_012;8;0.80619124;;0.8421051;9;1.8
SA_MI;SA_MI_MO_03_16_012;9;0.829960969;;0.8421051;9;1.8
SA_MI;SA_MI_MO_03_16_013;0;0.058600341;;0.780515855;6;1.8
SA_MI;SA_MI_MO_03_16_013;1;0.414035023;;0.780515855;6;1.8
SA_MI;SA_MI_MO_03_16_013;2;0.541097999;;0.780515855;6;1.8
SA_MI;SA_MI_MO_03_16_013;3;0.607671267;;0.780515855;6;1.8
SA_MI;SA_MI_MO_03_16_013;4;0.666840516;;0.780515855;6;1.8
SA_MI;SA_MI_MO_03_16_013;5;0.712150559;;0.780515855;6;1.8
SA_MI;SA_MI_MO_03_16_013;6;0.756927785;;0.780515855;6;1.8
SA_MI;SA_MI_MO_03_16_014;0;0.076537572;;1.064643133;13;1.8
SA_MI;SA_MI_MO_03_16_014;1;0.568008803;;1.064643133;13;1.8
SA_MI;SA_MI_MO_03_16_014;2;0.620706051;;1.064643133;13;1.8
SA_MI;SA_MI_MO_03_16_014;3;0.671272839;;1.064643133;13;1.8
SA_MI;SA_MI_MO_03_16_014;4;0.712950171;;1.064643133;13;1.8
SA_MI;SA_MI_MO_03_16_014;5;0.751420939;;1.064643133;13;1.8
SA_MI;SA_MI_MO_03_16_014;6;0.795715408;;1.064643133;13;1.8
SA_MI;SA_MI_MO_03_16_014;7;0.847686554;;1.064643133;13;1.8
SA_MI;SA_MI_MO_03_16_014;8;0.888490965;;1.064643133;13;1.8
SA_MI;SA_MI_MO_03_16_014;9;0.928114191;;1.064643133;13;1.8
SA_MI;SA_MI_MO_03_16_014;10;0.963099902;;1.064643133;13;1.8
SA_MI;SA_MI_MO_03_16_014;11;0.993905746;;1.064643133;13;1.8
SA_MI;SA_MI_MO_03_16_014;12;1.027011637;;1.064643133;13;1.8
SA_MI;SA_MI_MO_03_16_014;13;1.053937461;;1.064643133;13;1.8
SA_MI;SA_MI_MO_03_16_015;0;0.036359318;;0.805702178;7;1.8
SA_MI;SA_MI_MO_03_16_015;1;0.470106371;;0.805702178;7;1.8
SA_MI;SA_MI_MO_03_16_015;2;0.593171394;;0.805702178;7;1.8
SA_MI;SA_MI_MO_03_16_015;3;0.621455666;;0.805702178;7;1.8
SA_MI;SA_MI_MO_03_16_015;4;0.666577722;;0.805702178;7;1.8
SA_MI;SA_MI_MO_03_16_015;5;0.709959746;;0.805702178;7;1.8
SA_MI;SA_MI_MO_03_16_015;6;0.74530094;;0.805702178;7;1.8
SA_MI;SA_MI_MO_03_16_015;7;0.772595628;;0.805702178;7;1.8
SA_MI;SA_MI_MO_03_16_016;0;0.050990195;;0.844540704;8;1.8
SA_MI;SA_MI_MO_03_16_016;1;0.480151018;;0.844540704;8;1.8
SA_MI;SA_MI_MO_03_16_016;2;0.598595098;;0.844540704;8;1.8
SA_MI;SA_MI_MO_03_16_016;3;0.641734407;;0.844540704;8;1.8
SA_MI;SA_MI_MO_03_16_016;4;0.673119116;;0.844540704;8;1.8
SA_MI;SA_MI_MO_03_16_016;5;0.712527237;;0.844540704;8;1.8
SA_MI;SA_MI_MO_03_16_016;6;0.757125444;;0.844540704;8;1.8
SA_MI;SA_MI_MO_03_16_016;7;0.786958311;;0.844540704;8;1.8
SA_MI;SA_MI_MO_03_16_016;8;0.809430516;;0.844540704;8;1.8
SA_MI;SA_MI_MO_03_16_017;0;0.057140179;;0.634215263;3;1.8
SA_MI;SA_MI_MO_03_16_017;1;0.44263416;;0.634215263;3;1.8
SA_MI;SA_MI_MO_03_16_017;2;0.554526966;;0.634215263;3;1.8
SA_MI;SA_MI_MO_03_16_017;3;0.594339025;;0.634215263;3;1.8
CH_CI;CH_CI_MO_03_16_002;0;0.04119466;;0.657822164;6;1.45
CH_CI;CH_CI_MO_03_16_002;1;0.437268796;;0.657822164;6;1.45
CH_CI;CH_CI_MO_03_16_002;2;0.509711877;;0.657822164;6;1.45
CH_CI;CH_CI_MO_03_16_002;3;0.548916469;;0.657822164;6;1.45
CH_CI;CH_CI_MO_03_16_002;4;0.580173468;;0.657822164;6;1.45
CH_CI;CH_CI_MO_03_16_002;5;0.607006284;;0.657822164;6;1.45
CH_CI;CH_CI_MO_03_16_002;6;0.633576944;;0.657822164;6;1.45
CH_CI;CH_CI_MO_03_16_006;0;0.031400637;;0.516349688;3;1.45
CH_CI;CH_CI_MO_03_16_006;1;0.4344157;;0.516349688;3;1.45
CH_CI;CH_CI_MO_03_16_006;2;0.479460122;;0.516349688;3;1.45
CH_CI;CH_CI_MO_03_16_006;3;0.502481851;;0.516349688;3;1.45
CH_CI;CH_CI_MO_03_16_007;0;NA;;0.756836178;5;1.45
CH_CI;CH_CI_MO_03_16_007;1;0.565353871;;0.756836178;5;1.45
CH_CI;CH_CI_MO_03_16_007;2;0.633976025;;0.756836178;5;1.45
CH_CI;CH_CI_MO_03_16_007;3;0.681399648;;0.756836178;5;1.45
CH_CI;CH_CI_MO_03_16_007;4;0.717469026;;0.756836178;5;1.45
CH_CI;CH_CI_MO_03_16_007;5;0.739400738;;0.756836178;5;1.45
CH_CI;CH_CI_MO_03_16_009;0;0.030083218;;0.500156975;2;1.45
CH_CI;CH_CI_MO_03_16_009;1;0.392770926;;0.500156975;2;1.45
CH_CI;CH_CI_MO_03_16_009;2;0.460748863;;0.500156975;2;1.45
CH_CI;CH_CI_MO_03_16_010;0;0.048507731;;0.466472936;2;1.45
CH_CI;CH_CI_MO_03_16_010;1;0.375385136;;0.466472936;2;1.45
CH_CI;CH_CI_MO_03_16_010;2;0.428385136;;0.466472936;2;1.45
CH_CI;CH_CI_MO_03_16_011;0;0.038897301;;0.635755456;2;1.45
CH_CI;CH_CI_MO_03_16_011;1;0.541447135;;0.635755456;2;1.45
CH_CI;CH_CI_MO_03_16_011;2;0.619273866;;0.635755456;2;1.45
CH_CI;CH_CI_MO_03_16_012;0;0.031575307;;0.509801922;2;1.45
CH_CI;CH_CI_MO_03_16_012;1;0.396590469;;0.509801922;2;1.45
CH_CI;CH_CI_MO_03_16_012;2;0.476220865;;0.509801922;2;1.45
CH_CI;CH_CI_MO_03_16_013;0;0.032893768;;0.598802138;1;1.45
CH_CI;CH_CI_MO_03_16_013;1;0.498522818;;0.598802138;1;1.45
CH_CI;CH_CI_MO_03_16_014;0;0.043566042;;0.525060949;1;1.45
CH_CI;CH_CI_MO_03_16_014;1;0.467566038;;0.525060949;1;1.45
CH_CI;CH_CI_MO_03_16_015;0;0.045354162;;0.517969111;1;1.45
CH_CI;CH_CI_MO_03_16_015;1;0.456754858;;0.517969111;1;1.45
CH_CI;CH_CI_MO_03_16_016;0;0.032388269;;0.446592656;1;1.45
CH_CI;CH_CI_MO_03_16_016;1;0.414219748;;0.446592656;1;1.45
CH_CI;CH_CI_MO_03_16_017;0;0.032756679;;0.502895615;1;1.45
CH_CI;CH_CI_MO_03_16_017;1;0.450933476;;0.502895615;1;1.45
CH_CI;CH_CI_MO_03_16_018;0;0.045880279;;0.487409479;1;1.45
CH_CI;CH_CI_MO_03_16_018;1;0.41484937;;0.487409479;1;1.45
CE_AR;CE_AR_MO_03_16_001;0;NA;;1.616579104;21;1.9
CE_AR;CE_AR_MO_03_16_001;1;0.555899271;;1.616579104;21;1.9
CE_AR;CE_AR_MO_03_16_001;2;0.743989675;;1.616579104;21;1.9
CE_AR;CE_AR_MO_03_16_001;3;0.82545746;;1.616579104;21;1.9
CE_AR;CE_AR_MO_03_16_001;4;0.891495328;;1.616579104;21;1.9
CE_AR;CE_AR_MO_03_16_001;5;0.947931132;;1.616579104;21;1.9
CE_AR;CE_AR_MO_03_16_001;6;1.026448646;;1.616579104;21;1.9
CE_AR;CE_AR_MO_03_16_001;7;1.081621103;;1.616579104;21;1.9
CE_AR;CE_AR_MO_03_16_001;8;1.127762191;;1.616579104;21;1.9
CE_AR;CE_AR_MO_03_16_001;9;1.17377306;;1.616579104;21;1.9
CE_AR;CE_AR_MO_03_16_001;10;1.217977132;;1.616579104;21;1.9
CE_AR;CE_AR_MO_03_16_001;11;1.249377769;;1.616579104;21;1.9
CE_AR;CE_AR_MO_03_16_001;12;1.277978468;;1.616579104;21;1.9
CE_AR;CE_AR_MO_03_16_001;13;1.309363178;;1.616579104;21;1.9
CE_AR;CE_AR_MO_03_16_001;14;1.348260478;;1.616579104;21;1.9
CE_AR;CE_AR_MO_03_16_001;15;1.380166591;;1.616579104;21;1.9
CE_AR;CE_AR_MO_03_16_001;16;1.40932135;;1.616579104;21;1.9
CE_AR;CE_AR_MO_03_16_001;17;1.453161971;;1.616579104;21;1.9
CE_AR;CE_AR_MO_03_16_001;18;1.48176267;;1.616579104;21;1.9
CE_AR;CE_AR_MO_03_16_001;19;1.529929048;;1.616579104;21;1.9
CE_AR;CE_AR_MO_03_16_001;20;1.561073871;;1.616579104;21;1.9
CE_AR;CE_AR_MO_03_16_001;21;1.592474508;;1.616579104;21;1.9
CE_AR;CE_AR_MO_03_16_002;0;0.025;;0.929858591;11;1.9
CE_AR;CE_AR_MO_03_16_002;1;0.232010776;;0.929858591;11;1.9
CE_AR;CE_AR_MO_03_16_002;2;0.318987784;;0.929858591;11;1.9
CE_AR;CE_AR_MO_03_16_002;3;0.367402658;;0.929858591;11;1.9
CE_AR;CE_AR_MO_03_16_002;4;0.474920098;;0.929858591;11;1.9
CE_AR;CE_AR_MO_03_16_002;5;0.558370682;;0.929858591;11;1.9
CE_AR;CE_AR_MO_03_16_002;6;0.6114461;;0.929858591;11;1.9
CE_AR;CE_AR_MO_03_16_002;7;0.679387251;;0.929858591;11;1.9
CE_AR;CE_AR_MO_03_16_002;8;0.737188636;;0.929858591;11;1.9
CE_AR;CE_AR_MO_03_16_002;9;0.806844935;;0.929858591;11;1.9
CE_AR;CE_AR_MO_03_16_002;10;0.853535405;;0.929858591;11;1.9
CE_AR;CE_AR_MO_03_16_002;11;0.892739996;;0.929858591;11;1.9
CE_AR;CE_AR_MO_03_16_003;0;0.035510562;;0.924885398;11;1.9
CE_AR;CE_AR_MO_03_16_003;1;0.431010441;;0.924885398;11;1.9
CE_AR;CE_AR_MO_03_16_003;2;0.495041683;;0.924885398;11;1.9
CE_AR;CE_AR_MO_03_16_003;3;0.558697005;;0.924885398;11;1.9
CE_AR;CE_AR_MO_03_16_003;4;0.614919776;;0.924885398;11;1.9
CE_AR;CE_AR_MO_03_16_003;5;0.664739451;;0.924885398;11;1.9
CE_AR;CE_AR_MO_03_16_003;6;0.710082587;;0.924885398;11;1.9
CE_AR;CE_AR_MO_03_16_003;7;0.767283986;;0.924885398;11;1.9
CE_AR;CE_AR_MO_03_16_003;8;0.803643304;;0.924885398;11;1.9
CE_AR;CE_AR_MO_03_16_003;9;0.835658925;;0.924885398;11;1.9
CE_AR;CE_AR_MO_03_16_003;10;0.862861866;;0.924885398;11;1.9
CE_AR;CE_AR_MO_03_16_003;11;0.885883595;;0.924885398;11;1.9
CE_AR;CE_AR_MO_03_16_004;0;0.039824616;;0.853541446;11;1.9
CE_AR;CE_AR_MO_03_16_004;1;0.347522661;;0.853541446;11;1.9
CE_AR;CE_AR_MO_03_16_004;2;0.431152799;;0.853541446;11;1.9
CE_AR;CE_AR_MO_03_16_004;3;0.481402177;;0.853541446;11;1.9
CE_AR;CE_AR_MO_03_16_004;4;0.539402177;;0.853541446;11;1.9
CE_AR;CE_AR_MO_03_16_004;5;0.582413804;;0.853541446;11;1.9
CE_AR;CE_AR_MO_03_16_004;6;0.629371231;;0.853541446;11;1.9
CE_AR;CE_AR_MO_03_16_004;7;0.676541137;;0.853541446;11;1.9
CE_AR;CE_AR_MO_03_16_004;8;0.736081039;;0.853541446;11;1.9
CE_AR;CE_AR_MO_03_16_004;9;0.77352433;;0.853541446;11;1.9
CE_AR;CE_AR_MO_03_16_004;10;0.801702336;;0.853541446;11;1.9
CE_AR;CE_AR_MO_03_16_004;11;0.835702336;;0.853541446;11;1.9
CE_AR;CE_AR_MO_03_16_005;0;0.030413813;;0.672402409;7;1.9
CE_AR;CE_AR_MO_03_16_005;1;0.238411409;;0.672402409;7;1.9
CE_AR;CE_AR_MO_03_16_005;2;0.310591739;;0.672402409;7;1.9
CE_AR;CE_AR_MO_03_16_005;3;0.367906658;;0.672402409;7;1.9
CE_AR;CE_AR_MO_03_16_005;4;0.420982076;;0.672402409;7;1.9
CE_AR;CE_AR_MO_03_16_005;5;0.471893765;;0.672402409;7;1.9
CE_AR;CE_AR_MO_03_16_005;6;0.524903198;;0.672402409;7;1.9
CE_AR;CE_AR_MO_03_16_005;7;0.571303629;;0.672402409;7;1.9
CE_AR;CE_AR_TA_03_16_006;0;0.048166378;;1.048658667;17;1.9
CE_AR;CE_AR_TA_03_16_006;1;0.300501248;;1.048658667;17;1.9
CE_AR;CE_AR_TA_03_16_006;2;0.352846257;;1.048658667;17;1.9
CE_AR;CE_AR_TA_03_16_006;3;0.399171197;;1.048658667;17;1.9
CE_AR;CE_AR_TA_03_16_006;4;0.447997419;;1.048658667;17;1.9
CE_AR;CE_AR_TA_03_16_006;5;0.504848101;;1.048658667;17;1.9
CE_AR;CE_AR_TA_03_16_006;6;0.549266565;;1.048658667;17;1.9
CE_AR;CE_AR_TA_03_16_006;7;0.590315317;;1.048658667;17;1.9
CE_AR;CE_AR_TA_03_16_006;8;0.617241141;;1.048658667;17;1.9
CE_AR;CE_AR_TA_03_16_006;9;0.64584184;;1.048658667;17;1.9
CE_AR;CE_AR_TA_03_16_006;10;0.675674708;;1.048658667;17;1.9
CE_AR;CE_AR_TA_03_16_006;11;0.715499323;;1.048658667;17;1.9
CE_AR;CE_AR_TA_03_16_006;12;0.787506267;;1.048658667;17;1.9
CE_AR;CE_AR_TA_03_16_006;13;0.837715828;;1.048658667;17;1.9
CE_AR;CE_AR_TA_03_16_006;14;0.874512567;;1.048658667;17;1.9
CE_AR;CE_AR_TA_03_16_006;15;0.924761945;;1.048658667;17;1.9
CE_AR;CE_AR_TA_03_16_006;16;0.965122818;;1.048658667;17;1.9
CE_AR;CE_AR_TA_03_16_006;17;1.003411197;;1.048658667;17;1.9
CE_AR;CE_AR_TA_03_16_007;0;NA;;1.196348611;14;1.9
CE_AR;CE_AR_TA_03_16_007;1;0.419577168;;1.196348611;14;1.9
CE_AR;CE_AR_TA_03_16_007;2;0.557479307;;1.196348611;14;1.9
CE_AR;CE_AR_TA_03_16_007;3;0.659557709;;1.196348611;14;1.9
CE_AR;CE_AR_TA_03_16_007;4;0.71578048;;1.196348611;14;1.9
CE_AR;CE_AR_TA_03_16_007;5;0.768125489;;1.196348611;14;1.9
CE_AR;CE_AR_TA_03_16_007;6;0.824694032;;1.196348611;14;1.9
CE_AR;CE_AR_TA_03_16_007;7;0.869970957;;1.196348611;14;1.9
CE_AR;CE_AR_TA_03_16_007;8;0.925143414;;1.196348611;14;1.9
CE_AR;CE_AR_TA_03_16_007;9;0.973413488;;1.196348611;14;1.9
CE_AR;CE_AR_TA_03_16_007;10;1.017966827;;1.196348611;14;1.9
CE_AR;CE_AR_TA_03_16_007;11;1.071781323;;1.196348611;14;1.9
CE_AR;CE_AR_TA_03_16_007;12;1.107136662;;1.196348611;14;1.9
CE_AR;CE_AR_TA_03_16_007;13;1.142604957;;1.196348611;14;1.9
CE_AR;CE_AR_TA_03_16_007;14;1.176575533;;1.196348611;14;1.9
CE_AR;CE_AR_TA_03_16_008;0;0.039408121;;0.676663136;10;1.9
CE_AR;CE_AR_TA_03_16_008;1;0.207280004;;0.676663136;10;1.9
CE_AR;CE_AR_TA_03_16_008;2;0.271100063;;0.676663136;10;1.9
CE_AR;CE_AR_TA_03_16_008;3;0.332059066;;0.676663136;10;1.9
CE_AR;CE_AR_TA_03_16_008;4;0.375244712;;0.676663136;10;1.9
CE_AR;CE_AR_TA_03_16_008;5;0.431146411;;0.676663136;10;1.9
CE_AR;CE_AR_TA_03_16_008;6;0.480187211;;0.676663136;10;1.9
CE_AR;CE_AR_TA_03_16_008;7;0.526198079;;0.676663136;10;1.9
CE_AR;CE_AR_TA_03_16_008;8;0.58068661;;0.676663136;10;1.9
CE_AR;CE_AR_TA_03_16_008;9;0.610919043;;0.676663136;10;1.9
CE_AR;CE_AR_TA_03_16_008;10;0.657534491;;0.676663136;10;1.9
CE_AR;CE_AR_TA_03_16_009;0;NA;;1.094305716;15;1.9
CE_AR;CE_AR_TA_03_16_009;1;0.358700432;;1.094305716;15;1.9
CE_AR;CE_AR_TA_03_16_009;2;0.458825354;;1.094305716;15;1.9
CE_AR;CE_AR_TA_03_16_009;3;0.508825354;;1.094305716;15;1.9
CE_AR;CE_AR_TA_03_16_009;4;0.533523532;;1.094305716;15;1.9
CE_AR;CE_AR_TA_03_16_009;5;0.569758874;;1.094305716;15;1.9
CE_AR;CE_AR_TA_03_16_009;6;0.615802332;;1.094305716;15;1.9
CE_AR;CE_AR_TA_03_16_009;7;0.684482751;;1.094305716;15;1.9
CE_AR;CE_AR_TA_03_16_009;8;0.735286294;;1.094305716;15;1.9
CE_AR;CE_AR_TA_03_16_009;9;0.811980492;;1.094305716;15;1.9
CE_AR;CE_AR_TA_03_16_009;10;0.870229956;;1.094305716;15;1.9
CE_AR;CE_AR_TA_03_16_009;11;0.904943066;;1.094305716;15;1.9
CE_AR;CE_AR_TA_03_16_009;12;0.940789962;;1.094305716;15;1.9
CE_AR;CE_AR_TA_03_16_009;13;0.988497404;;1.094305716;15;1.9
CE_AR;CE_AR_TA_03_16_009;14;1.030270601;;1.094305716;15;1.9
CE_AR;CE_AR_TA_03_16_009;15;1.078654483;;1.094305716;15;1.9
CE_AR;CE_AR_TA_03_16_010;0;NA;;0.811214522;15;1.9
CE_AR;CE_AR_TA_03_16_010;1;0.296057427;;0.811214522;15;1.9
CE_AR;CE_AR_TA_03_16_010;2;0.352908108;;0.811214522;15;1.9
CE_AR;CE_AR_TA_03_16_010;3;0.386878684;;0.811214522;15;1.9
CE_AR;CE_AR_TA_03_16_010;4;0.416878684;;0.811214522;15;1.9
CE_AR;CE_AR_TA_03_16_010;5;0.443279442;;0.811214522;15;1.9
CE_AR;CE_AR_TA_03_16_010;6;0.47439214;;0.811214522;15;1.9
CE_AR;CE_AR_TA_03_16_010;7;0.491884996;;0.811214522;15;1.9
CE_AR;CE_AR_TA_03_16_010;8;0.525186647;;0.811214522;15;1.9
CE_AR;CE_AR_TA_03_16_010;9;0.557077085;;0.811214522;15;1.9
CE_AR;CE_AR_TA_03_16_010;10;0.598694389;;0.811214522;15;1.9
CE_AR;CE_AR_TA_03_16_010;11;0.632115939;;0.811214522;15;1.9
CE_AR;CE_AR_TA_03_16_010;12;0.67316469;;0.811214522;15;1.9
CE_AR;CE_AR_TA_03_16_010;13;0.710178201;;0.811214522;15;1.9
CE_AR;CE_AR_TA_03_16_010;14;0.735985177;;0.811214522;15;1.9
CE_AR;CE_AR_TA_03_16_010;15;0.764985177;;0.811214522;15;1.9
CE_AR;CE_AR_TA_03_16_011;0;0.040224371;;0.924005411;11;1.9
CE_AR;CE_AR_TA_03_16_011;1;0.397020151;;0.924005411;11;1.9
CE_AR;CE_AR_TA_03_16_011;2;0.476951371;;0.924005411;11;1.9
CE_AR;CE_AR_TA_03_16_011;3;0.532123828;;0.924005411;11;1.9
CE_AR;CE_AR_TA_03_16_011;4;0.575964448;;0.924005411;11;1.9
CE_AR;CE_AR_TA_03_16_011;5;0.619381035;;0.924005411;11;1.9
CE_AR;CE_AR_TA_03_16_011;6;0.678414924;;0.924005411;11;1.9
CE_AR;CE_AR_TA_03_16_011;7;0.729021247;;0.924005411;11;1.9
CE_AR;CE_AR_TA_03_16_011;8;0.775668863;;0.924005411;11;1.9
CE_AR;CE_AR_TA_03_16_011;9;0.814152625;;0.924005411;11;1.9
CE_AR;CE_AR_TA_03_16_011;10;0.858435805;;0.924005411;11;1.9
CE_AR;CE_AR_TA_03_16_011;11;0.910790365;;0.924005411;11;1.9
CE_AR;CE_AR_TA_03_16_012;0;NA;;0.988350646;11;1.9
CE_AR;CE_AR_TA_03_16_012;1;0.394677083;;0.988350646;11;1.9
CE_AR;CE_AR_TA_03_16_012;2;0.49450193;;0.988350646;11;1.9
CE_AR;CE_AR_TA_03_16_012;3;0.598564411;;0.988350646;11;1.9
CE_AR;CE_AR_TA_03_16_012;4;0.646834485;;0.988350646;11;1.9
CE_AR;CE_AR_TA_03_16_012;5;0.68080506;;0.988350646;11;1.9
CE_AR;CE_AR_TA_03_16_012;6;0.732030054;;0.988350646;11;1.9
CE_AR;CE_AR_TA_03_16_012;7;0.770978738;;0.988350646;11;1.9
CE_AR;CE_AR_TA_03_16_012;8;0.810677605;;0.988350646;11;1.9
CE_AR;CE_AR_TA_03_16_012;9;0.857368075;;0.988350646;11;1.9
CE_AR;CE_AR_TA_03_16_012;10;0.89283637;;0.988350646;11;1.9
CE_AR;CE_AR_TA_03_16_012;11;0.936699795;;0.988350646;11;1.9
CE_AR;CE_AR_TA_03_16_013;0;0.038470768;;1.140256989;11;1.9
CE_AR;CE_AR_TA_03_16_013;1;0.522529425;;1.140256989;11;1.9
CE_AR;CE_AR_TA_03_16_013;2;0.723419942;;1.140256989;11;1.9
CE_AR;CE_AR_TA_03_16_013;3;0.841508892;;1.140256989;11;1.9
CE_AR;CE_AR_TA_03_16_013;4;0.881869764;;1.140256989;11;1.9
CE_AR;CE_AR_TA_03_16_013;5;0.918883275;;1.140256989;11;1.9
CE_AR;CE_AR_TA_03_16_013;6;0.963481481;;1.140256989;11;1.9
CE_AR;CE_AR_TA_03_16_013;7;1.003842354;;1.140256989;11;1.9
CE_AR;CE_AR_TA_03_16_013;8;1.040077695;;1.140256989;11;1.9
CE_AR;CE_AR_TA_03_16_013;9;1.07060637;;1.140256989;11;1.9
CE_AR;CE_AR_TA_03_16_013;10;1.107403109;;1.140256989;11;1.9
CE_AR;CE_AR_TA_03_16_013;11;1.125787886;;1.140256989;11;1.9
CE_AR;CE_AR_TA_03_16_014;0;NA;;1.053265873;10;1.9
CE_AR;CE_AR_TA_03_16_014;1;0.457947595;;1.053265873;10;1.9
CE_AR;CE_AR_TA_03_16_014;2;0.539556418;;1.053265873;10;1.9
CE_AR;CE_AR_TA_03_16_014;3;0.61722237;;1.053265873;10;1.9
CE_AR;CE_AR_TA_03_16_014;4;0.695016971;;1.053265873;10;1.9
CE_AR;CE_AR_TA_03_16_014;5;0.760070795;;1.053265873;10;1.9
CE_AR;CE_AR_TA_03_16_014;6;0.829475406;;1.053265873;10;1.9
CE_AR;CE_AR_TA_03_16_014;7;0.911310606;;1.053265873;10;1.9
CE_AR;CE_AR_TA_03_16_014;8;0.965513927;;1.053265873;10;1.9
CE_AR;CE_AR_TA_03_16_014;9;1.004114445;;1.053265873;10;1.9
CE_AR;CE_AR_TA_03_16_014;10;1.044574302;;1.053265873;10;1.9
CE_AR;CE_AR_TA_03_16_015;0;NA;;0.590658108;7;1.9
CE_AR;CE_AR_TA_03_16_015;1;0.219859046;;0.590658108;7;1.9
CE_AR;CE_AR_TA_03_16_015;2;0.267942307;;0.590658108;7;1.9
CE_AR;CE_AR_TA_03_16_015;3;0.332347276;;0.590658108;7;1.9
CE_AR;CE_AR_TA_03_16_015;4;0.390355896;;0.590658108;7;1.9
CE_AR;CE_AR_TA_03_16_015;5;0.433634066;;0.590658108;7;1.9
CE_AR;CE_AR_TA_03_16_015;6;0.463044948;;0.590658108;7;1.9
CE_AR;CE_AR_TA_03_16_015;7;0.51188141;;0.590658108;7;1.9
CE_AR;CE_AR_MO_03_16_016;0;0.049929951;;0.711846191;8;1.9
CE_AR;CE_AR_MO_03_16_016;1;0.334368061;;0.711846191;8;1.9
CE_AR;CE_AR_MO_03_16_016;2;0.413677581;;0.711846191;8;1.9
CE_AR;CE_AR_MO_03_16_016;3;0.462473073;;0.711846191;8;1.9
CE_AR;CE_AR_MO_03_16_016;4;0.515103862;;0.711846191;8;1.9
CE_AR;CE_AR_MO_03_16_016;5;0.552117373;;0.711846191;8;1.9
CE_AR;CE_AR_MO_03_16_016;6;0.584644285;;0.711846191;8;1.9
CE_AR;CE_AR_MO_03_16_016;7;0.634644285;;0.711846191;8;1.9
CE_AR;CE_AR_MO_03_16_016;8;0.691257004;;0.711846191;8;1.9
CE_AR;CE_AR_MO_03_16_016b;0;NA;;1.361046656;18;1.9
CE_AR;CE_AR_MO_03_16_016b;1;0.61544293;;1.361046656;18;1.9
CE_AR;CE_AR_MO_03_16_016b;2;0.729727662;;1.361046656;18;1.9
CE_AR;CE_AR_MO_03_16_016b;3;0.800162029;;1.361046656;18;1.9
CE_AR;CE_AR_MO_03_16_016b;4;0.858958287;;1.361046656;18;1.9
CE_AR;CE_AR_MO_03_16_016b;5;0.924563165;;1.361046656;18;1.9
CE_AR;CE_AR_MO_03_16_016b;6;0.988218487;;1.361046656;18;1.9
CE_AR;CE_AR_MO_03_16_016b;7;1.061464647;;1.361046656;18;1.9
CE_AR;CE_AR_MO_03_16_016b;8;1.109266321;;1.361046656;18;1.9
CE_AR;CE_AR_MO_03_16_016b;9;1.144649933;;1.361046656;18;1.9
CE_AR;CE_AR_MO_03_16_016b;10;1.174482801;;1.361046656;18;1.9
CE_AR;CE_AR_MO_03_16_016b;11;1.193587774;;1.361046656;18;1.9
CE_AR;CE_AR_MO_03_16_016b;12;1.208453842;;1.361046656;18;1.9
CE_AR;CE_AR_MO_03_16_016b;13;1.234702652;;1.361046656;18;1.9
CE_AR;CE_AR_MO_03_16_016b;14;1.253807625;;1.361046656;18;1.9
CE_AR;CE_AR_MO_03_16_016b;15;1.276435042;;1.361046656;18;1.9
CE_AR;CE_AR_MO_03_16_016b;16;1.302242018;;1.361046656;18;1.9
CE_AR;CE_AR_MO_03_16_016b;17;1.333483017;;1.361046656;18;1.9
CE_AR;CE_AR_MO_03_16_016b;18;1.350512403;;1.361046656;18;1.9
CE_AR;CE_AR_MO_03_16_017;0;NA;;1.046212693;5;1.9
CE_AR;CE_AR_MO_03_16_017;1;0.62427511;;1.046212693;5;1.9
CE_AR;CE_AR_MO_03_16_017;2;0.714539762;;1.046212693;5;1.9
CE_AR;CE_AR_MO_03_16_017;3;0.785369733;;1.046212693;5;1.9
CE_AR;CE_AR_MO_03_16_017;4;0.855265058;;1.046212693;5;1.9
CE_AR;CE_AR_MO_03_16_017;5;0.9171952;;1.046212693;5;1.9
CE_AR;CE_AR_MO_03_16_017b;0;0.039204592;;0.774135001;10;1.9
CE_AR;CE_AR_MO_03_16_017b;1;0.318025156;;0.774135001;10;1.9
CE_AR;CE_AR_MO_03_16_017b;2;0.384214279;;0.774135001;10;1.9
CE_AR;CE_AR_MO_03_16_017b;3;0.430257737;;0.774135001;10;1.9
CE_AR;CE_AR_MO_03_16_017b;4;0.491134662;;0.774135001;10;1.9
CE_AR;CE_AR_MO_03_16_017b;5;0.543019149;;0.774135001;10;1.9
CE_AR;CE_AR_MO_03_16_017b;6;0.597800533;;0.774135001;10;1.9
CE_AR;CE_AR_MO_03_16_017b;7;0.636697833;;0.774135001;10;1.9
CE_AR;CE_AR_MO_03_16_017b;8;0.675285396;;0.774135001;10;1.9
CE_AR;CE_AR_MO_03_16_017b;9;0.713298552;;0.774135001;10;1.9
CE_AR;CE_AR_MO_03_16_017b;10;0.743030689;;0.774135001;10;1.9
CE_AR;CE_AR_MO_03_16_018;0;0.030413813;;0.374092235;5;1.9
CE_AR;CE_AR_MO_03_16_018;1;0.2133776;;0.374092235;5;1.9
CE_AR;CE_AR_MO_03_16_018;2;0.245904512;;0.374092235;5;1.9
CE_AR;CE_AR_MO_03_16_018;3;0.281513499;;0.374092235;5;1.9
CE_AR;CE_AR_MO_03_16_018;4;0.304944248;;0.374092235;5;1.9
CE_AR;CE_AR_MO_03_16_018;5;0.334355131;;0.374092235;5;1.9
CA_ME;CA_ME_MO_03_16_001;0;0.048548944;;0.684563086;4;3.15
CA_ME;CA_ME_MO_03_16_001;1;0.406333778;;0.684563086;4;3.15
CA_ME;CA_ME_MO_03_16_001;2;0.491604163;;0.684563086;4;3.15
CA_ME;CA_ME_MO_03_16_001;3;0.568840074;;0.684563086;4;3.15
CA_ME;CA_ME_MO_03_16_001;4;0.63821215;;0.684563086;4;3.15
CA_ME;CA_ME_TA_03_16_003;0;0.039824616;;1.061249264;12;3.15
CA_ME;CA_ME_TA_03_16_003;1;0.353277511;;1.061249264;12;3.15
CA_ME;CA_ME_TA_03_16_003;2;0.486371463;;1.061249264;12;3.15
CA_ME;CA_ME_TA_03_16_003;3;0.570490426;;1.061249264;12;3.15
CA_ME;CA_ME_TA_03_16_003;4;0.637251193;;1.061249264;12;3.15
CA_ME;CA_ME_TA_03_16_003;5;0.71687531;;1.061249264;12;3.15
CA_ME;CA_ME_TA_03_16_003;6;0.782067334;;1.061249264;12;3.15
CA_ME;CA_ME_TA_03_16_003;7;0.839102411;;1.061249264;12;3.15
CA_ME;CA_ME_TA_03_16_003;8;0.885974578;;1.061249264;12;3.15
CA_ME;CA_ME_TA_03_16_003;9;0.941201383;;1.061249264;12;3.15
CA_ME;CA_ME_TA_03_16_003;10;0.980214201;;1.061249264;12;3.15
CA_ME;CA_ME_TA_03_16_003;11;1.017214201;;1.061249264;12;3.15
CA_ME;CA_ME_TA_03_16_003;12;1.059190385;;1.061249264;12;3.15
CA_ME;CA_ME_TA_03_16_004;0;0.030805844;;0.749963332;8;3.15
CA_ME;CA_ME_TA_03_16_004;1;0.35316002;;0.749963332;8;3.15
CA_ME;CA_ME_TA_03_16_004;2;0.430825972;;0.749963332;8;3.15
CA_ME;CA_ME_TA_03_16_004;3;0.492095866;;0.749963332;8;3.15
CA_ME;CA_ME_TA_03_16_004;4;0.55470577;;0.749963332;8;3.15
CA_ME;CA_ME_TA_03_16_004;5;0.601224583;;0.749963332;8;3.15
CA_ME;CA_ME_TA_03_16_004;6;0.646413077;;0.749963332;8;3.15
CA_ME;CA_ME_TA_03_16_004;7;0.687119342;;0.749963332;8;3.15
CA_ME;CA_ME_TA_03_16_004;8;0.721119342;;0.749963332;8;3.15
CA_ME;CA_ME_MO_03_16_005;0;0.036796739;;1.178847318;15;3.15
CA_ME;CA_ME_MO_03_16_005;1;0.31141612;;1.178847318;15;3.15
CA_ME;CA_ME_MO_03_16_005;2;0.39650431;;1.178847318;15;3.15
CA_ME;CA_ME_MO_03_16_005;3;0.464980583;;1.178847318;15;3.15
CA_ME;CA_ME_MO_03_16_005;4;0.52177847;;1.178847318;15;3.15
CA_ME;CA_ME_MO_03_16_005;5;0.592106274;;1.178847318;15;3.15
CA_ME;CA_ME_MO_03_16_005;6;0.652711555;;1.178847318;15;3.15
CA_ME;CA_ME_MO_03_16_005;7;0.728183404;;1.178847318;15;3.15
CA_ME;CA_ME_MO_03_16_005;8;0.799014188;;1.178847318;15;3.15
CA_ME;CA_ME_MO_03_16_005;9;0.860731284;;1.178847318;15;3.15
CA_ME;CA_ME_MO_03_16_005;10;0.91630106;;1.178847318;15;3.15
CA_ME;CA_ME_MO_03_16_005;11;0.971118941;;1.178847318;15;3.15
CA_ME;CA_ME_MO_03_16_005;12;1.012712209;;1.178847318;15;3.15
CA_ME;CA_ME_MO_03_16_005;13;1.069014962;;1.178847318;15;3.15
CA_ME;CA_ME_MO_03_16_005;14;1.104525524;;1.178847318;15;3.15
CA_ME;CA_ME_MO_03_16_005;15;1.151055085;;1.178847318;15;3.15
CA_ME;CA_ME_MO_03_16_006;0;0.03138471;;0.72374526;8;3.15
CA_ME;CA_ME_MO_03_16_006;1;0.335279259;;0.72374526;8;3.15
CA_ME;CA_ME_MO_03_16_006;2;0.397711098;;0.72374526;8;3.15
CA_ME;CA_ME_MO_03_16_006;3;0.459970132;;0.72374526;8;3.15
CA_ME;CA_ME_MO_03_16_006;4;0.514812217;;0.72374526;8;3.15
CA_ME;CA_ME_MO_03_16_006;5;0.564953912;;0.72374526;8;3.15
CA_ME;CA_ME_MO_03_16_006;6;0.611621957;;0.72374526;8;3.15
CA_ME;CA_ME_MO_03_16_006;7;0.652645167;;0.72374526;8;3.15
CA_ME;CA_ME_MO_03_16_006;8;0.690771274;;0.72374526;8;3.15
CA_ME;CA_ME_MO_03_16_007;0;0.038209946;;0.735312859;4;3.15
CA_ME;CA_ME_MO_03_16_007;1;0.427094837;;0.735312859;4;3.15
CA_ME;CA_ME_MO_03_16_007;2;0.571555905;;0.735312859;4;3.15
CA_ME;CA_ME_MO_03_16_007;3;0.620962382;;0.735312859;4;3.15
CA_ME;CA_ME_MO_03_16_007;4;0.688230502;;0.735312859;4;3.15
CA_ME;CA_ME_MO_03_16_008;0;NA;;0.731147283;6;3.15
CA_ME;CA_ME_MO_03_16_008;1;0.349863851;;0.731147283;6;3.15
CA_ME;CA_ME_MO_03_16_008;2;0.431214948;;0.731147283;6;3.15
CA_ME;CA_ME_MO_03_16_008;3;0.497523269;;0.731147283;6;3.15
CA_ME;CA_ME_MO_03_16_008;4;0.573586485;;0.731147283;6;3.15
CA_ME;CA_ME_MO_03_16_008;5;0.627803571;;0.731147283;6;3.15
CA_ME;CA_ME_MO_03_16_008;6;0.678846249;;0.731147283;6;3.15
LU_FU;LU_FU_TA_03_16_001;0;0.041880783;;1.396015043;16;1.95
LU_FU;LU_FU_TA_03_16_001;1;0.428953377;;1.396015043;16;1.95
LU_FU;LU_FU_TA_03_16_001;2;0.517072615;;1.396015043;16;1.95
LU_FU;LU_FU_TA_03_16_001;3;0.598097302;;1.396015043;16;1.95
LU_FU;LU_FU_TA_03_16_001;4;0.674634875;;1.396015043;16;1.95
LU_FU;LU_FU_TA_03_16_001;5;0.766944138;;1.396015043;16;1.95
LU_FU;LU_FU_TA_03_16_001;6;0.846700015;;1.396015043;16;1.95
LU_FU;LU_FU_TA_03_16_001;7;0.911112747;;1.396015043;16;1.95
LU_FU;LU_FU_TA_03_16_001;8;0.977036946;;1.396015043;16;1.95
LU_FU;LU_FU_TA_03_16_001;9;1.035637287;;1.396015043;16;1.95
LU_FU;LU_FU_TA_03_16_001;10;1.090199179;;1.396015043;16;1.95
LU_FU;LU_FU_TA_03_16_001;11;1.151664616;;1.396015043;16;1.95
LU_FU;LU_FU_TA_03_16_001;12;1.220016646;;1.396015043;16;1.95
LU_FU;LU_FU_TA_03_16_001;13;1.268719829;;1.396015043;16;1.95
LU_FU;LU_FU_TA_03_16_001;14;1.310156527;;1.396015043;16;1.95
LU_FU;LU_FU_TA_03_16_001;15;1.342913206;;1.396015043;16;1.95
LU_FU;LU_FU_TA_03_16_001;16;1.373178698;;1.396015043;16;1.95
LU_FU;LU_FU_TA_03_16_002;0;0.035805028;;1.826600084;19;1.95
LU_FU;LU_FU_TA_03_16_002;1;0.51432571;;1.826600084;19;1.95
LU_FU;LU_FU_TA_03_16_002;2;0.657214539;;1.826600084;19;1.95
LU_FU;LU_FU_TA_03_16_002;3;0.78304671;;1.826600084;19;1.95
LU_FU;LU_FU_TA_03_16_002;4;0.904948842;;1.826600084;19;1.95
LU_FU;LU_FU_TA_03_16_002;5;1.008416603;;1.826600084;19;1.95
LU_FU;LU_FU_TA_03_16_002;6;1.112945814;;1.826600084;19;1.95
LU_FU;LU_FU_TA_03_16_002;7;1.203807494;;1.826600084;19;1.95
LU_FU;LU_FU_TA_03_16_002;8;1.283481697;;1.826600084;19;1.95
LU_FU;LU_FU_TA_03_16_002;9;1.345342243;;1.826600084;19;1.95
LU_FU;LU_FU_TA_03_16_002;10;1.405792786;;1.826600084;19;1.95
LU_FU;LU_FU_TA_03_16_002;11;1.46064504;;1.826600084;19;1.95
LU_FU;LU_FU_TA_03_16_002;12;1.512718239;;1.826600084;19;1.95
LU_FU;LU_FU_TA_03_16_002;13;1.556162837;;1.826600084;19;1.95
LU_FU;LU_FU_TA_03_16_002;14;1.599056092;;1.826600084;19;1.95
LU_FU;LU_FU_TA_03_16_002;15;1.642370352;;1.826600084;19;1.95
LU_FU;LU_FU_TA_03_16_002;16;1.693767079;;1.826600084;19;1.95
LU_FU;LU_FU_TA_03_16_002;17;1.736670996;;1.826600084;19;1.95
LU_FU;LU_FU_TA_03_16_002;18;1.779124874;;1.826600084;19;1.95
LU_FU;LU_FU_TA_03_16_002;19;1.822450027;;1.826600084;19;1.95
LU_FU;LU_FU_TA_03_16_003;0;0.037802116;;1.611346331;21;1.95
LU_FU;LU_FU_TA_03_16_003;1;0.395060755;;1.611346331;21;1.95
LU_FU;LU_FU_TA_03_16_003;2;0.528836687;;1.611346331;21;1.95
LU_FU;LU_FU_TA_03_16_003;3;0.665192838;;1.611346331;21;1.95
LU_FU;LU_FU_TA_03_16_003;4;0.712203475;;1.611346331;21;1.95
LU_FU;LU_FU_TA_03_16_003;5;0.758301198;;1.611346331;21;1.95
LU_FU;LU_FU_TA_03_16_003;6;0.803611241;;1.611346331;21;1.95
LU_FU;LU_FU_TA_03_16_003;7;0.855089391;;1.611346331;21;1.95
LU_FU;LU_FU_TA_03_16_003;8;0.90433368;;1.611346331;21;1.95
LU_FU;LU_FU_TA_03_16_003;9;0.947345307;;1.611346331;21;1.95
LU_FU;LU_FU_TA_03_16_003;10;0.989535353;;1.611346331;21;1.95
LU_FU;LU_FU_TA_03_16_003;11;1.039214322;;1.611346331;21;1.95
LU_FU;LU_FU_TA_03_16_003;12;1.097197078;;1.611346331;21;1.95
LU_FU;LU_FU_TA_03_16_003;13;1.148626642;;1.611346331;21;1.95
LU_FU;LU_FU_TA_03_16_003;14;1.197820137;;1.611346331;21;1.95
LU_FU;LU_FU_TA_03_16_003;15;1.251949612;;1.611346331;21;1.95
LU_FU;LU_FU_TA_03_16_003;16;1.310087379;;1.611346331;21;1.95
LU_FU;LU_FU_TA_03_16_003;17;1.364511638;;1.611346331;21;1.95
LU_FU;LU_FU_TA_03_16_003;18;1.418270359;;1.611346331;21;1.95
LU_FU;LU_FU_TA_03_16_003;19;1.465809816;;1.611346331;21;1.95
LU_FU;LU_FU_TA_03_16_003;20;1.519568536;;1.611346331;21;1.95
LU_FU;LU_FU_TA_03_16_003;21;1.572066155;;1.611346331;21;1.95
LU_FU;LU_FU_TA_03_16_004;0;NA;;1.279488179;9;1.95
LU_FU;LU_FU_TA_03_16_004;1;0.425738182;;1.279488179;9;1.95
LU_FU;LU_FU_TA_03_16_004;2;0.564146997;;1.279488179;9;1.95
LU_FU;LU_FU_TA_03_16_004;3;0.704574915;;1.279488179;9;1.95
LU_FU;LU_FU_TA_03_16_004;4;0.847979935;;1.279488179;9;1.95
LU_FU;LU_FU_TA_03_16_004;5;0.969918445;;1.279488179;9;1.95
LU_FU;LU_FU_TA_03_16_004;6;1.05315906;;1.279488179;9;1.95
LU_FU;LU_FU_TA_03_16_004;7;1.130009564;;1.279488179;9;1.95
LU_FU;LU_FU_TA_03_16_004;8;1.183348105;;1.279488179;9;1.95
LU_FU;LU_FU_TA_03_16_004;9;1.240207581;;1.279488179;9;1.95
LU_FU;LU_FU_TA_03_16_005;0;0.052630789;;0.901900771;5;1.95
LU_FU;LU_FU_TA_03_16_005;1;0.432297351;;0.901900771;5;1.95
LU_FU;LU_FU_TA_03_16_005;2;0.561699824;;0.901900771;5;1.95
LU_FU;LU_FU_TA_03_16_005;3;0.696847891;;0.901900771;5;1.95
LU_FU;LU_FU_TA_03_16_005;4;0.778683091;;0.901900771;5;1.95
LU_FU;LU_FU_TA_03_16_005;5;0.852959602;;0.901900771;5;1.95
LU_FU;LU_FU_TA_03_16_006;0;NA;;1.41874663;18;1.95
LU_FU;LU_FU_TA_03_16_006;1;0.319765539;;1.41874663;18;1.95
LU_FU;LU_FU_TA_03_16_006;2;0.403491282;;1.41874663;18;1.95
LU_FU;LU_FU_TA_03_16_006;3;0.470379248;;1.41874663;18;1.95
LU_FU;LU_FU_TA_03_16_006;4;0.526602019;;1.41874663;18;1.95
LU_FU;LU_FU_TA_03_16_006;5;0.596815978;;1.41874663;18;1.95
LU_FU;LU_FU_TA_03_16_006;6;0.694759839;;1.41874663;18;1.95
LU_FU;LU_FU_TA_03_16_006;7;0.776061746;;1.41874663;18;1.95
LU_FU;LU_FU_TA_03_16_006;8;0.842303726;;1.41874663;18;1.95
LU_FU;LU_FU_TA_03_16_006;9;0.896340751;;1.41874663;18;1.95
LU_FU;LU_FU_TA_03_16_006;10;0.955171015;;1.41874663;18;1.95
LU_FU;LU_FU_TA_03_16_006;11;1.018802768;;1.41874663;18;1.95
LU_FU;LU_FU_TA_03_16_006;12;1.081771014;;1.41874663;18;1.95
LU_FU;LU_FU_TA_03_16_006;13;1.139572398;;1.41874663;18;1.95
LU_FU;LU_FU_TA_03_16_006;14;1.201289495;;1.41874663;18;1.95
LU_FU;LU_FU_TA_03_16_006;15;1.255372764;;1.41874663;18;1.95
LU_FU;LU_FU_TA_03_16_006;16;1.310843477;;1.41874663;18;1.95
LU_FU;LU_FU_TA_03_16_006;17;1.34773521;;1.41874663;18;1.95
LU_FU;LU_FU_TA_03_16_006;18;1.391644207;;1.41874663;18;1.95
LU_FU;LU_FU_MO_03_16_007;0;0.045188494;;1.687439289;12;1.95
LU_FU;LU_FU_MO_03_16_007;1;0.562732004;;1.687439289;12;1.95
LU_FU;LU_FU_MO_03_16_007;2;0.800776387;;1.687439289;12;1.95
LU_FU;LU_FU_MO_03_16_007;3;0.956162838;;1.687439289;12;1.95
LU_FU;LU_FU_MO_03_16_007;4;1.090619905;;1.687439289;12;1.95
LU_FU;LU_FU_MO_03_16_007;5;1.213979763;;1.687439289;12;1.95
LU_FU;LU_FU_MO_03_16_007;6;1.298241926;;1.687439289;12;1.95
LU_FU;LU_FU_MO_03_16_007;7;1.38037578;;1.687439289;12;1.95
LU_FU;LU_FU_MO_03_16_007;8;1.448303331;;1.687439289;12;1.95
LU_FU;LU_FU_MO_03_16_007;9;1.503242115;;1.687439289;12;1.95
LU_FU;LU_FU_MO_03_16_007;10;1.561912421;;1.687439289;12;1.95
LU_FU;LU_FU_MO_03_16_007;11;1.61361349;;1.687439289;12;1.95
LU_FU;LU_FU_MO_03_16_007;12;1.669507164;;1.687439289;12;1.95
LU_FU;LU_FU_MO_03_16_008;0;0.030528675;;0.692448554;3;1.95
LU_FU;LU_FU_MO_03_16_008;1;0.327794143;;0.692448554;3;1.95
LU_FU;LU_FU_MO_03_16_008;2;0.497999901;;0.692448554;3;1.95
LU_FU;LU_FU_MO_03_16_008;3;0.638064172;;0.692448554;3;1.95
LU_FU;LU_FU_MO_03_16_009;0;0.036359318;;0.905284486;3;1.95
LU_FU;LU_FU_MO_03_16_009;1;0.428565048;;0.905284486;3;1.95
LU_FU;LU_FU_MO_03_16_009;2;0.623102962;;0.905284486;3;1.95
LU_FU;LU_FU_MO_03_16_009;3;0.765893017;;0.905284486;3;1.95
LU_FU;LU_FU_MO_03_16_010;0;NA;;0.787413487;5;1.95
LU_FU;LU_FU_MO_03_16_010;1;0.474675679;;0.787413487;5;1.95
LU_FU;LU_FU_MO_03_16_010;2;0.570367894;;0.787413487;5;1.95
LU_FU;LU_FU_MO_03_16_010;3;0.634718496;;0.787413487;5;1.95
LU_FU;LU_FU_MO_03_16_010;4;0.693794718;;0.787413487;5;1.95
LU_FU;LU_FU_MO_03_16_010;5;0.742095857;;0.787413487;5;1.95
LU_FU;LU_FU_MO_03_16_011;0;0.041677332;;1.012059781;3;1.95
LU_FU;LU_FU_MO_03_16_011;1;0.595191566;;1.012059781;3;1.95
LU_FU;LU_FU_MO_03_16_011;2;0.859013475;;1.012059781;3;1.95
LU_FU;LU_FU_MO_03_16_011;3;0.954286767;;1.012059781;3;1.95
LU_FU;LU_FU_MO_03_16_012;0;0.025059928;;0.950561671;4;1.95
LU_FU;LU_FU_MO_03_16_012;1;0.634152666;;0.950561671;4;1.95
LU_FU;LU_FU_MO_03_16_012;2;0.725713359;;0.950561671;4;1.95
LU_FU;LU_FU_MO_03_16_012;3;0.809398534;;0.950561671;4;1.95
LU_FU;LU_FU_MO_03_16_012;4;0.888766191;;0.950561671;4;1.95
EP_ME;EP_ME_MO_03_16_001;0;0.024207437;;1.104100086;7;1.9
EP_ME;EP_ME_MO_03_16_001;1;0.684878091;;1.104100086;7;1.9
EP_ME;EP_ME_MO_03_16_001;2;0.798094698;;1.104100086;7;1.9
EP_ME;EP_ME_MO_03_16_001;3;0.863371034;;1.104100086;7;1.9
EP_ME;EP_ME_MO_03_16_001;4;0.927752708;;1.104100086;7;1.9
EP_ME;EP_ME_MO_03_16_001;5;0.985752708;;1.104100086;7;1.9
EP_ME;EP_ME_MO_03_16_001;6;1.033794357;;1.104100086;7;1.9
EP_ME;EP_ME_MO_03_16_001;7;1.069849869;;1.104100086;7;1.9
EP_ME;EP_ME_MO_03_16_002;0;NA;;0.770701628;4;1.9
EP_ME;EP_ME_MO_03_16_002;1;0.402385387;;0.770701628;4;1.9
EP_ME;EP_ME_MO_03_16_002;2;0.504218584;;0.770701628;4;1.9
EP_ME;EP_ME_MO_03_16_002;3;0.605608919;;0.770701628;4;1.9
EP_ME;EP_ME_MO_03_16_002;4;0.697003667;;0.770701628;4;1.9
EP_ME;EP_ME_MO_03_16_003;0;NA;;0.952259251;7;1.9
EP_ME;EP_ME_MO_03_16_003;1;0.348371717;;0.952259251;7;1.9
EP_ME;EP_ME_MO_03_16_003;2;0.492185843;;0.952259251;7;1.9
EP_ME;EP_ME_MO_03_16_003;3;0.618238286;;0.952259251;7;1.9
EP_ME;EP_ME_MO_03_16_003;4;0.704797946;;0.952259251;7;1.9
EP_ME;EP_ME_MO_03_16_003;5;0.777109858;;0.952259251;7;1.9
EP_ME;EP_ME_MO_03_16_003;6;0.844227039;;0.952259251;7;1.9
EP_ME;EP_ME_MO_03_16_003;7;0.90368444;;0.952259251;7;1.9
EP_ME;EP_ME_MO_03_16_004;0;0.089202018;;0.755262206;5;1.9
EP_ME;EP_ME_MO_03_16_004;1;0.392475477;;0.755262206;5;1.9
EP_ME;EP_ME_MO_03_16_004;2;0.52066674;;0.755262206;5;1.9
EP_ME;EP_ME_MO_03_16_004;3;0.591779327;;0.755262206;5;1.9
EP_ME;EP_ME_MO_03_16_004;4;0.652779327;;0.755262206;5;1.9
EP_ME;EP_ME_MO_03_16_004;5;0.711200214;;0.755262206;5;1.9
EP_ME;EP_ME_MO_03_16_005;0;0.036235342;;0.670787597;7;1.9
EP_ME;EP_ME_MO_03_16_005;1;0.289249028;;0.670787597;7;1.9
EP_ME;EP_ME_MO_03_16_005;2;0.39660358;;0.670787597;7;1.9
EP_ME;EP_ME_MO_03_16_005;3;0.475805853;;0.670787597;7;1.9
EP_ME;EP_ME_MO_03_16_005;4;0.549541869;;0.670787597;7;1.9
EP_ME;EP_ME_MO_03_16_005;5;0.593473634;;0.670787597;7;1.9
EP_ME;EP_ME_MO_03_16_005;6;0.632767399;;0.670787597;7;1.9
EP_ME;EP_ME_MO_03_16_005;7;0.663032891;;0.670787597;7;1.9
EP_ME;EP_ME_MO_03_16_006;0;0.029732137;;0.686174905;4;1.9
EP_ME;EP_ME_MO_03_16_006;1;0.3236943;;0.686174905;4;1.9
EP_ME;EP_ME_MO_03_16_006;2;0.439991334;;0.686174905;4;1.9
EP_ME;EP_ME_MO_03_16_006;3;0.533954092;;0.686174905;4;1.9
EP_ME;EP_ME_MO_03_16_006;4;0.623223348;;0.686174905;4;1.9
EP_ME;EP_ME_MO_03_16_007;0;0.034205263;;0.581705312;4;1.9
EP_ME;EP_ME_MO_03_16_007;1;0.373169752;;0.581705312;4;1.9
EP_ME;EP_ME_MO_03_16_007;2;0.440335417;;0.581705312;4;1.9
EP_ME;EP_ME_MO_03_16_007;3;0.498429453;;0.581705312;4;1.9
EP_ME;EP_ME_MO_03_16_007;4;0.551708595;;0.581705312;4;1.9
EP_ME;EP_ME_MO_03_16_008;0;0.039051248;;0.604050495;5;1.9
EP_ME;EP_ME_MO_03_16_008;1;0.294278779;;0.604050495;5;1.9
EP_ME;EP_ME_MO_03_16_008;2;0.396738528;;0.604050495;5;1.9
EP_ME;EP_ME_MO_03_16_008;3;0.457483898;;0.604050495;5;1.9
EP_ME;EP_ME_MO_03_16_008;4;0.513919702;;0.604050495;5;1.9
EP_ME;EP_ME_MO_03_16_008;5;0.571059881;;0.604050495;5;1.9
EP_ME;EP_ME_MO_03_16_009;0;0.03959798;;0.617343502;6;1.9
EP_ME;EP_ME_MO_03_16_009;1;0.268600074;;0.617343502;6;1.9
EP_ME;EP_ME_MO_03_16_009;2;0.334455978;;0.617343502;6;1.9
EP_ME;EP_ME_MO_03_16_009;3;0.404691297;;0.617343502;6;1.9
EP_ME;EP_ME_MO_03_16_009;4;0.459845625;;0.617343502;6;1.9
EP_ME;EP_ME_MO_03_16_009;5;0.52961668;;0.617343502;6;1.9
EP_ME;EP_ME_MO_03_16_009;6;0.583736916;;0.617343502;6;1.9
EP_ME;EP_ME_MO_03_16_010;0;NA;;0.543302862;5;1.9
EP_ME;EP_ME_MO_03_16_010;1;0.255890602;;0.543302862;5;1.9
EP_ME;EP_ME_MO_03_16_010;2;0.340978791;;0.543302862;5;1.9
EP_ME;EP_ME_MO_03_16_010;3;0.431449781;;0.543302862;5;1.9
EP_ME;EP_ME_MO_03_16_010;4;0.485050154;;0.543302862;5;1.9
EP_ME;EP_ME_MO_03_16_010;5;0.533091803;;0.543302862;5;1.9
EP_ME;EP_ME_MO_03_16_011;0;0.038587563;;0.536064362;6;1.9
EP_ME;EP_ME_MO_03_16_011;1;0.227107904;;0.536064362;6;1.9
EP_ME;EP_ME_MO_03_16_011;2;0.305107904;;0.536064362;6;1.9
EP_ME;EP_ME_MO_03_16_011;3;0.357146351;;0.536064362;6;1.9
EP_ME;EP_ME_MO_03_16_011;4;0.403189809;;0.536064362;6;1.9
EP_ME;EP_ME_MO_03_16_011;5;0.451189809;;0.536064362;6;1.9
EP_ME;EP_ME_MO_03_16_011;6;0.498359715;;0.536064362;6;1.9
EP_ME;EP_ME_MO_03_16_012;0;0.028160256;;0.555951437;8;1.9
EP_ME;EP_ME_MO_03_16_012;1;0.268268522;;0.555951437;8;1.9
EP_ME;EP_ME_MO_03_16_012;2;0.365577309;;0.555951437;8;1.9
EP_ME;EP_ME_MO_03_16_012;3;0.426322679;;0.555951437;8;1.9
EP_ME;EP_ME_MO_03_16_012;4;0.456155547;;0.555951437;8;1.9
EP_ME;EP_ME_MO_03_16_012;5;0.483081371;;0.555951437;8;1.9
EP_ME;EP_ME_MO_03_16_012;6;0.504176394;;0.555951437;8;1.9
EP_ME;EP_ME_MO_03_16_012;7;0.526267116;;0.555951437;8;1.9
EP_ME;EP_ME_MO_03_16_012;8;0.545372089;;0.555951437;8;1.9
EP_ME;EP_ME_MO_03_16_013;0;0.032649655;;0.605122302;4;1.9
EP_ME;EP_ME_MO_03_16_013;1;0.354739341;;0.605122302;4;1.9
EP_ME;EP_ME_MO_03_16_013;2;0.409775693;;0.605122302;4;1.9
EP_ME;EP_ME_MO_03_16_013;3;0.491317093;;0.605122302;4;1.9
EP_ME;EP_ME_MO_03_16_013;4;0.552782531;;0.605122302;4;1.9
EP_ME;EP_ME_MO_03_16_014;0;NA;;0.601331855;3;1.9
EP_ME;EP_ME_MO_03_16_014;1;0.33031046;;0.601331855;3;1.9
EP_ME;EP_ME_MO_03_16_014;2;0.457373437;;0.601331855;3;1.9
EP_ME;EP_ME_MO_03_16_014;3;0.542584938;;0.601331855;3;1.9
EP_ME;EP_ME_MO_03_16_015;0;NA;;0.492565732;4;1.9
EP_ME;EP_ME_MO_03_16_015;1;0.265346943;;0.492565732;4;1.9
EP_ME;EP_ME_MO_03_16_015;2;0.334027362;;0.492565732;4;1.9
EP_ME;EP_ME_MO_03_16_015;3;0.40328774;;0.492565732;4;1.9
EP_ME;EP_ME_MO_03_16_015;4;0.457435686;;0.492565732;4;1.9
EP_ME;EP_ME_MO_03_16_016;0;0.025495098;;0.558200681;3;1.9
EP_ME;EP_ME_MO_03_16_016;1;0.291784167;;0.558200681;3;1.9
EP_ME;EP_ME_MO_03_16_016;2;0.403018154;;0.558200681;3;1.9
EP_ME;EP_ME_MO_03_16_016;3;0.500326941;;0.558200681;3;1.9
EP_ME;EP_ME_MO_03_16_017;0;0.033600595;;0.598504804;5;1.9
EP_ME;EP_ME_MO_03_16_017;1;0.30615029;;0.598504804;5;1.9
EP_ME;EP_ME_MO_03_16_017;2;0.398172026;;0.598504804;5;1.9
EP_ME;EP_ME_MO_03_16_017;3;0.482195833;;0.598504804;5;1.9
EP_ME;EP_ME_MO_03_16_017;4;0.543326839;;0.598504804;5;1.9
EP_ME;EP_ME_MO_03_16_017;5;0.578326839;;0.598504804;5;1.9
EP_ME;EP_ME_MO_03_16_018;0;0.030149627;;0.515698555;4;1.9
EP_ME;EP_ME_MO_03_16_018;1;0.282973497;;0.515698555;4;1.9
EP_ME;EP_ME_MO_03_16_018;2;0.352089342;;0.515698555;4;1.9
EP_ME;EP_ME_MO_03_16_018;3;0.429613532;;0.515698555;4;1.9
EP_ME;EP_ME_MO_03_16_018;4;0.485183308;;0.515698555;4;1.9
EP_ME;EP_ME_MO_03_16_019;0;0.024351591;;0.55119688;4;1.9
EP_ME;EP_ME_MO_03_16_019;1;0.312616378;;0.55119688;4;1.9
EP_ME;EP_ME_MO_03_16_019;2;0.383001036;;0.55119688;4;1.9
EP_ME;EP_ME_MO_03_16_019;3;0.450780089;;0.55119688;4;1.9
EP_ME;EP_ME_MO_03_16_019;4;0.512957255;;0.55119688;4;1.9
EP_ME;EP_ME_MO_03_16_020;0;0.025806976;;0.572500655;4;1.9
EP_ME;EP_ME_MO_03_16_020;1;0.33443086;;0.572500655;4;1.9
EP_ME;EP_ME_MO_03_16_020;2;0.401191627;;0.572500655;4;1.9
EP_ME;EP_ME_MO_03_16_020;3;0.471062937;;0.572500655;4;1.9
EP_ME;EP_ME_MO_03_16_020;4;0.535839476;;0.572500655;4;1.9
OS_AN;OS_AN_MO_03_16_001;0;NA;;0.678098076;5;4.25
OS_AN;OS_AN_MO_03_16_001;1;0.321409396;;0.678098076;5;4.25
OS_AN;OS_AN_MO_03_16_001;2;0.411764252;;0.678098076;5;4.25
OS_AN;OS_AN_MO_03_16_001;3;0.495537756;;0.678098076;5;4.25
OS_AN;OS_AN_MO_03_16_001;4;0.560051321;;0.678098076;5;4.25
OS_AN;OS_AN_MO_03_16_001;5;0.631220134;;0.678098076;5;4.25
OS_AN;OS_AN_MO_03_16_002;0;0.029732137;;0.672644037;5;4.25
OS_AN;OS_AN_MO_03_16_002;1;0.224588513;;0.672644037;5;4.25
OS_AN;OS_AN_MO_03_16_002;2;0.378426089;;0.672644037;5;4.25
OS_AN;OS_AN_MO_03_16_002;3;0.466346508;;0.672644037;5;4.25
OS_AN;OS_AN_MO_03_16_002;4;0.563845226;;0.672644037;5;4.25
OS_AN;OS_AN_MO_03_16_002;5;0.654365942;;0.672644037;5;4.25
OS_AN;OS_AN_MO_03_16_003;0;0.030805844;;0.566773323;6;4.25
OS_AN;OS_AN_MO_03_16_003;1;0.333952092;;0.566773323;6;4.25
OS_AN;OS_AN_MO_03_16_003;2;0.399075053;;0.566773323;6;4.25
OS_AN;OS_AN_MO_03_16_003;3;0.460921637;;0.566773323;6;4.25
OS_AN;OS_AN_MO_03_16_003;4;0.487847461;;0.566773323;6;4.25
OS_AN;OS_AN_MO_03_16_003;5;0.521979558;;0.566773323;6;4.25
OS_AN;OS_AN_MO_03_16_003;6;0.550979558;;0.566773323;6;4.25
OS_AN;OS_AN_MO_03_16_004;0;0.026172505;;0.63031738;6;4.25
OS_AN;OS_AN_MO_03_16_004;1;0.290869386;;0.63031738;6;4.25
OS_AN;OS_AN_MO_03_16_004;2;0.382575439;;0.63031738;6;4.25
OS_AN;OS_AN_MO_03_16_004;3;0.458047288;;0.63031738;6;4.25
OS_AN;OS_AN_MO_03_16_004;4;0.509525438;;0.63031738;6;4.25
OS_AN;OS_AN_MO_03_16_004;5;0.566138158;;0.63031738;6;4.25
OS_AN;OS_AN_MO_03_16_004;6;0.609600785;;0.63031738;6;4.25
OS_AN;OS_AN_MO_03_16_005;0;NA;;0.476254134;4;4.25
OS_AN;OS_AN_MO_03_16_005;1;0.3030594;;0.476254134;4;4.25
OS_AN;OS_AN_MO_03_16_005;2;0.3678205;;0.476254134;4;4.25
OS_AN;OS_AN_MO_03_16_005;3;0.426854388;;0.476254134;4;4.25
OS_AN;OS_AN_MO_03_16_005;4;0.453160281;;0.476254134;4;4.25
OS_AN;OS_AN_MO_03_16_006;0;NA;;0.609762249;4;4.25
OS_AN;OS_AN_MO_03_16_006;1;0.313344858;;0.609762249;4;4.25
OS_AN;OS_AN_MO_03_16_006;2;0.425794847;;0.609762249;4;4.25
OS_AN;OS_AN_MO_03_16_006;3;0.517233351;;0.609762249;4;4.25
OS_AN;OS_AN_MO_03_16_006;4;0.578845038;;0.609762249;4;4.25
OS_AN;OS_AN_MO_03_16_007;0;0.023600847;;0.64647119;6;4.25
OS_AN;OS_AN_MO_03_16_007;1;0.214830165;;0.64647119;6;4.25
OS_AN;OS_AN_MO_03_16_007;2;0.368048963;;0.64647119;6;4.25
OS_AN;OS_AN_MO_03_16_007;3;0.442298542;;0.64647119;6;4.25
OS_AN;OS_AN_MO_03_16_007;4;0.499683209;;0.64647119;6;4.25
OS_AN;OS_AN_MO_03_16_007;5;0.540487621;;0.64647119;6;4.25
OS_AN;OS_AN_MO_03_16_007;6;0.596093376;;0.64647119;6;4.25
OS_AN;OS_AN_MO_03_16_008;0;NA;;0.468401537;2;4.25
OS_AN;OS_AN_MO_03_16_008;1;0.327566787;;0.468401537;2;4.25
OS_AN;OS_AN_MO_03_16_008;2;0.418390793;;0.468401537;2;4.25
OS_AN;OS_AN_MO_03_16_009;0;0.024413111;;0.512043943;5;4.25
OS_AN;OS_AN_MO_03_16_009;1;0.272382085;;0.512043943;5;4.25
OS_AN;OS_AN_MO_03_16_009;2;0.32171767;;0.512043943;5;4.25
OS_AN;OS_AN_MO_03_16_009;3;0.383886794;;0.512043943;5;4.25
OS_AN;OS_AN_MO_03_16_009;4;0.42251321;;0.512043943;5;4.25
OS_AN;OS_AN_MO_03_16_009;5;0.468999767;;0.512043943;5;4.25
OS_AN;OS_AN_MO_03_16_010;0;0.022825424;;0.544489669;5;4.25
OS_AN;OS_AN_MO_03_16_010;1;0.253001976;;0.544489669;5;4.25
OS_AN;OS_AN_MO_03_16_010;2;0.329107167;;0.544489669;5;4.25
OS_AN;OS_AN_MO_03_16_010;3;0.410261341;;0.544489669;5;4.25
OS_AN;OS_AN_MO_03_16_010;4;0.466270269;;0.544489669;5;4.25
OS_AN;OS_AN_MO_03_16_010;5;0.50328378;;0.544489669;5;4.25
OS_AN;OS_AN_MO_03_16_011;0;0.025495098;;0.52207375;4;4.25
OS_AN;OS_AN_MO_03_16_011;1;0.288027776;;0.52207375;4;4.25
OS_AN;OS_AN_MO_03_16_011;2;0.368289847;;0.52207375;4;4.25
OS_AN;OS_AN_MO_03_16_011;3;0.432911825;;0.52207375;4;4.25
OS_AN;OS_AN_MO_03_16_011;4;0.484796312;;0.52207375;4;4.25
OS_AN;OS_AN_MO_03_16_012;0;NA;;0.527522511;3;4.25
OS_AN;OS_AN_MO_03_16_012;1;0.309523828;;0.527522511;3;4.25
OS_AN;OS_AN_MO_03_16_012;2;0.401724696;;0.527522511;3;4.25
OS_AN;OS_AN_MO_03_16_012;3;0.482502168;;0.527522511;3;4.25
OS_AN;OS_AN_MO_03_16_013;0;0.017804494;;0.553364256;3;4.25
OS_AN;OS_AN_MO_03_16_013;1;0.246868386;;0.553364256;3;4.25
OS_AN;OS_AN_MO_03_16_013;2;0.360040821;;0.553364256;3;4.25
OS_AN;OS_AN_MO_03_16_013;3;0.476715582;;0.553364256;3;4.25
OS_AN;OS_AN_MO_03_16_014;0;NA;;0.510580062;3;4.25
OS_AN;OS_AN_MO_03_16_014;1;0.314607692;;0.510580062;3;4.25
OS_AN;OS_AN_MO_03_16_014;2;0.408639602;;0.510580062;3;4.25
OS_AN;OS_AN_MO_03_16_014;3;0.47935028;;0.510580062;3;4.25
OS_AN;OS_AN_MO_03_16_015;0;0.021633308;;0.363917573;2;4.25
OS_AN;OS_AN_MO_03_16_015;1;0.253917309;;0.363917573;2;4.25
OS_AN;OS_AN_MO_03_16_015;2;0.329976497;;0.363917573;2;4.25
MU_FL;MU_FL_MO_03_16_001B;0;0.021023796;;1.11820409015918;6;2.5
MU_FL;MU_FL_MO_03_16_001B;1;0.338670931731674;;1.11820409015918;6;2.5
MU_FL;MU_FL_MO_03_16_001B;2;0.51514755907932;;1.11820409015918;6;2.5
MU_FL;MU_FL_MO_03_16_001B;3;0.680827974337129;;1.11820409015918;6;2.5
MU_FL;MU_FL_MO_03_16_001B;4;0.822503660324527;;1.11820409015918;6;2.5
MU_FL;MU_FL_MO_03_16_001B;5;0.9569209211209;;1.11820409015918;6;2.5
MU_FL;MU_FL_MO_03_16_001B;6;1.05450165692464;;1.11820409015918;6;2.5
MU_FL;MU_FL_MO_03_16_002B;0;NA;;0.475329359;5;2.5
MU_FL;MU_FL_MO_03_16_002B;1;0.250697028;;0.475329359;5;2.5
MU_FL;MU_FL_MO_03_16_002B;2;0.323312454;;0.475329359;5;2.5
MU_FL;MU_FL_MO_03_16_002B;3;0.368489882;;0.475329359;5;2.5
MU_FL;MU_FL_MO_03_16_002B;4;0.40880117;;0.475329359;5;2.5
MU_FL;MU_FL_MO_03_16_002B;5;0.446377759;;0.475329359;5;2.5
MU_FL;MU_FL_MO_03_16_004B;0;0.019416488;;0.492061988;5;2.5
MU_FL;MU_FL_MO_03_16_004B;1;0.285895086;;0.492061988;5;2.5
MU_FL;MU_FL_MO_03_16_004B;2;0.339746734;;0.492061988;5;2.5
MU_FL;MU_FL_MO_03_16_004B;3;0.39816762;;0.492061988;5;2.5
MU_FL;MU_FL_MO_03_16_004B;4;0.444265343;;0.492061988;5;2.5
MU_FL;MU_FL_MO_03_16_004B;5;0.488446787;;0.492061988;5;2.5
MU_FL;MU_FL_MO_03_16_005B;0;NA;;0.395323918;5;2.5
MU_FL;MU_FL_MO_03_16_005B;1;0.242538657;;0.395323918;5;2.5
MU_FL;MU_FL_MO_03_16_005B;2;0.287460812;;0.395323918;5;2.5
MU_FL;MU_FL_MO_03_16_005B;3;0.325788347;;0.395323918;5;2.5
MU_FL;MU_FL_MO_03_16_005B;4;0.362284923;;0.395323918;5;2.5
MU_FL;MU_FL_MO_03_16_005B;5;0.391899108;;0.395323918;5;2.5
MU_FL;MU_FL_MO_03_16_006B;0;NA;;0.555560978;6;2.5
MU_FL;MU_FL_MO_03_16_006B;1;0.31896865;;0.555560978;6;2.5
MU_FL;MU_FL_MO_03_16_006B;2;0.375722505;;0.555560978;6;2.5
MU_FL;MU_FL_MO_03_16_006B;3;0.435755829;;0.555560978;6;2.5
MU_FL;MU_FL_MO_03_16_006B;4;0.473092138;;0.555560978;6;2.5
MU_FL;MU_FL_MO_03_16_006B;5;0.513104637;;0.555560978;6;2.5
MU_FL;MU_FL_MO_03_16_006B;6;0.549118523;;0.555560978;6;2.5
MU_FL;MU_FL_MO_03_16_007B;0;NA;;0.531432968;5;2.5
MU_FL;MU_FL_MO_03_16_007B;1;0.265911639;;0.531432968;5;2.5
MU_FL;MU_FL_MO_03_16_007B;2;0.328943377;;0.531432968;5;2.5
MU_FL;MU_FL_MO_03_16_007B;3;0.380295106;;0.531432968;5;2.5
MU_FL;MU_FL_MO_03_16_007B;4;0.440303439;;0.531432968;5;2.5
MU_FL;MU_FL_MO_03_16_007B;5;0.528598399;;0.531432968;5;2.5
MU_FL;MU_FL_MO_03_16_009;0;NA;;0.415781192;5;2.5
MU_FL;MU_FL_MO_03_16_009;1;0.241422866;;0.415781192;5;2.5
MU_FL;MU_FL_MO_03_16_009;2;0.297778877;;0.415781192;5;2.5
MU_FL;MU_FL_MO_03_16_009;3;0.340860195;;0.415781192;5;2.5
MU_FL;MU_FL_MO_03_16_009;4;0.378715182;;0.415781192;5;2.5
MU_FL;MU_FL_MO_03_16_009;5;0.408980674;;0.415781192;5;2.5
MU_FL;MU_FL_MO_03_16_009B;0;NA;;0.411019464;6;2.5
MU_FL;MU_FL_MO_03_16_009B;1;0.228396585;;0.411019464;6;2.5
MU_FL;MU_FL_MO_03_16_009B;2;0.287430473;;0.411019464;6;2.5
MU_FL;MU_FL_MO_03_16_009B;3;0.327629976;;0.411019464;6;2.5
MU_FL;MU_FL_MO_03_16_009B;4;0.36158583;;0.411019464;6;2.5
MU_FL;MU_FL_MO_03_16_009B;5;0.385355558;;0.411019464;6;2.5
MU_FL;MU_FL_MO_03_16_009B;6;0.402118613;;0.411019464;6;2.5
MU_FL;MU_FL_MO_03_16_010B;0;NA;;0.570701323;5;2.5
MU_FL;MU_FL_MO_03_16_010B;1;0.353260527;;0.570701323;5;2.5
MU_FL;MU_FL_MO_03_16_010B;2;0.413931772;;0.570701323;5;2.5
MU_FL;MU_FL_MO_03_16_010B;3;0.462768234;;0.570701323;5;2.5
MU_FL;MU_FL_MO_03_16_010B;4;0.499768234;;0.570701323;5;2.5
MU_FL;MU_FL_MO_03_16_010B;5;0.546415849;;0.570701323;5;2.5
MU_FL;MU_FL_MO_03_16_011B;0;NA;;0.408922976;4;2.5
MU_FL;MU_FL_MO_03_16_011B;1;0.241306859;;0.408922976;4;2.5
MU_FL;MU_FL_MO_03_16_011B;2;0.303475983;;0.408922976;4;2.5
MU_FL;MU_FL_MO_03_16_011B;3;0.354436752;;0.408922976;4;2.5
MU_FL;MU_FL_MO_03_16_011B;4;0.388642015;;0.408922976;4;2.5
MU_FL;MU_FL_MO_03_16_012B;0;NA;;0.512181608;4;2.5
MU_FL;MU_FL_MO_03_16_012B;1;0.310831144;;0.512181608;4;2.5
MU_FL;MU_FL_MO_03_16_012B;2;0.376321601;;0.512181608;4;2.5
MU_FL;MU_FL_MO_03_16_012B;3;0.436959873;;0.512181608;4;2.5
MU_FL;MU_FL_MO_03_16_012B;4;0.490420139;;0.512181608;4;2.5
MU_FL;MU_FL_MO_03_16_013B;0;NA;;0.482084018;4;2.5
MU_FL;MU_FL_MO_03_16_013B;1;0.331605187;;0.482084018;4;2.5
MU_FL;MU_FL_MO_03_16_013B;2;0.380482585;;0.482084018;4;2.5
MU_FL;MU_FL_MO_03_16_013B;3;0.423864608;;0.482084018;4;2.5
MU_FL;MU_FL_MO_03_16_013B;4;0.460265158;;0.482084018;4;2.5
MU_FL;MU_FL_MO_03_16_014B;0;NA;;0.439810186;4;2.5
MU_FL;MU_FL_MO_03_16_014B;1;0.290489242;;0.439810186;4;2.5
MU_FL;MU_FL_MO_03_16_014B;2;0.342834252;;0.439810186;4;2.5
MU_FL;MU_FL_MO_03_16_014B;3;0.383294108;;0.439810186;4;2.5
MU_FL;MU_FL_MO_03_16_014B;4;0.412294108;;0.439810186;4;2.5
MU_FL;MU_FL_MO_03_16_015B;0;NA;;0.409928042;4;2.5
MU_FL;MU_FL_MO_03_16_015B;1;0.23821209;;0.409928042;4;2.5
MU_FL;MU_FL_MO_03_16_015B;2;0.313098671;;0.409928042;4;2.5
MU_FL;MU_FL_MO_03_16_015B;3;0.362747438;;0.409928042;4;2.5
MU_FL;MU_FL_MO_03_16_015B;4;0.394996469;;0.409928042;4;2.5
MY_BE;MY_BE_MO_03_16_001;0;0.059539903;;0.722800111;11;1.8
MY_BE;MY_BE_MO_03_16_001;1;0.221677694;;0.722800111;11;1.8
MY_BE;MY_BE_MO_03_16_001;2;0.280499459;;0.722800111;11;1.8
MY_BE;MY_BE_MO_03_16_001;3;0.330718977;;0.722800111;11;1.8
MY_BE;MY_BE_MO_03_16_001;4;0.392751226;;0.722800111;11;1.8
MY_BE;MY_BE_MO_03_16_001;5;0.440834488;;0.722800111;11;1.8
MY_BE;MY_BE_MO_03_16_001;6;0.474360597;;0.722800111;11;1.8
MY_BE;MY_BE_MO_03_16_001;7;0.524340593;;0.722800111;11;1.8
MY_BE;MY_BE_MO_03_16_001;8;0.573002693;;0.722800111;11;1.8
MY_BE;MY_BE_MO_03_16_001;9;0.620804367;;0.722800111;11;1.8
MY_BE;MY_BE_MO_03_16_001;10;0.652584864;;0.722800111;11;1.8
MY_BE;MY_BE_MO_03_16_001;11;0.68843176;;0.722800111;11;1.8
MY_BE;MY_BE_MO_03_16_002;0;0.058463664;;0.710370326;11;1.8
MY_BE;MY_BE_MO_03_16_002;1;0.287020905;;0.710370326;11;1.8
MY_BE;MY_BE_MO_03_16_002;2;0.336275347;;0.710370326;11;1.8
MY_BE;MY_BE_MO_03_16_002;3;0.398259215;;0.710370326;11;1.8
MY_BE;MY_BE_MO_03_16_002;4;0.438259215;;0.710370326;11;1.8
MY_BE;MY_BE_MO_03_16_002;5;0.471274363;;0.710370326;11;1.8
MY_BE;MY_BE_MO_03_16_002;6;0.497274363;;0.710370326;11;1.8
MY_BE;MY_BE_MO_03_16_002;7;0.528290488;;0.710370326;11;1.8
MY_BE;MY_BE_MO_03_16_002;8;0.57679822;;0.710370326;11;1.8
MY_BE;MY_BE_MO_03_16_002;9;0.624474209;;0.710370326;11;1.8
MY_BE;MY_BE_MO_03_16_002;10;0.667659855;;0.710370326;11;1.8
MY_BE;MY_BE_MO_03_16_002;11;0.705316196;;0.710370326;11;1.8
MY_BE;MY_BE_MO_03_16_003;0;0.049335586;;0.494818148;9;1.8
MY_BE;MY_BE_MO_03_16_003;1;0.172290452;;0.494818148;9;1.8
MY_BE;MY_BE_MO_03_16_003;2;0.244463855;;0.494818148;9;1.8
MY_BE;MY_BE_MO_03_16_003;3;0.288848537;;0.494818148;9;1.8
MY_BE;MY_BE_MO_03_16_003;4;0.31515443;;0.494818148;9;1.8
MY_BE;MY_BE_MO_03_16_003;5;0.346459381;;0.494818148;9;1.8
MY_BE;MY_BE_MO_03_16_003;6;0.374619637;;0.494818148;9;1.8
MY_BE;MY_BE_MO_03_16_003;7;0.404233823;;0.494818148;9;1.8
MY_BE;MY_BE_MO_03_16_003;8;0.43601432;;0.494818148;9;1.8
MY_BE;MY_BE_MO_03_16_003;9;0.464649962;;0.494818148;9;1.8
MY_BE;MY_BE_MO_03_16_004;0;NA;;0.536434525;10;1.8
MY_BE;MY_BE_MO_03_16_004;1;0.195800919;;0.536434525;10;1.8
MY_BE;MY_BE_MO_03_16_004;2;0.238097491;;0.536434525;10;1.8
MY_BE;MY_BE_MO_03_16_004;3;0.274111377;;0.536434525;10;1.8
MY_BE;MY_BE_MO_03_16_004;4;0.312750736;;0.536434525;10;1.8
MY_BE;MY_BE_MO_03_16_004;5;0.351583711;;0.536434525;10;1.8
MY_BE;MY_BE_MO_03_16_004;6;0.397124901;;0.536434525;10;1.8
MY_BE;MY_BE_MO_03_16_004;7;0.419485581;;0.536434525;10;1.8
MY_BE;MY_BE_MO_03_16_004;8;0.446168909;;0.536434525;10;1.8
MY_BE;MY_BE_MO_03_16_004;9;0.477744216;;0.536434525;10;1.8
MY_BE;MY_BE_MO_03_16_004;10;0.509524713;;0.536434525;10;1.8
MY_BE;MY_BE_MO_03_16_005;0;0.039115214;;0.499937996;8;1.8
MY_BE;MY_BE_MO_03_16_005;1;0.262710868;;0.499937996;8;1.8
MY_BE;MY_BE_MO_03_16_005;2;0.293075321;;0.499937996;8;1.8
MY_BE;MY_BE_MO_03_16_005;3;0.323224947;;0.499937996;8;1.8
MY_BE;MY_BE_MO_03_16_005;4;0.352345387;;0.499937996;8;1.8
MY_BE;MY_BE_MO_03_16_005;5;0.388038524;;0.499937996;8;1.8
MY_BE;MY_BE_MO_03_16_005;6;0.417158963;;0.499937996;8;1.8
MY_BE;MY_BE_MO_03_16_005;7;0.448207313;;0.499937996;8;1.8
MY_BE;MY_BE_MO_03_16_005;8;0.47370241;;0.499937996;8;1.8
MY_BE;MY_BE_MO_03_16_006;0;NA;;0.750215969;8;1.8
MY_BE;MY_BE_MO_03_16_006;1;0.273592763;;0.750215969;8;1.8
MY_BE;MY_BE_MO_03_16_006;2;0.366678745;;0.750215969;8;1.8
MY_BE;MY_BE_MO_03_16_006;3;0.455768587;;0.750215969;8;1.8
MY_BE;MY_BE_MO_03_16_006;4;0.519838861;;0.750215969;8;1.8
MY_BE;MY_BE_MO_03_16_006;5;0.579143161;;0.750215969;8;1.8
MY_BE;MY_BE_MO_03_16_006;6;0.62818396;;0.750215969;8;1.8
MY_BE;MY_BE_MO_03_16_006;7;0.667996019;;0.750215969;8;1.8
MY_BE;MY_BE_MO_03_16_006;8;0.71426696;;0.750215969;8;1.8
MY_BE;MY_BE_MO_03_16_007;0;0.053037722;;0.698507695;8;1.8
MY_BE;MY_BE_MO_03_16_007;1;0.257701378;;0.698507695;8;1.8
MY_BE;MY_BE_MO_03_16_007;2;0.361840707;;0.698507695;8;1.8
MY_BE;MY_BE_MO_03_16_007;3;0.428150586;;0.698507695;8;1.8
MY_BE;MY_BE_MO_03_16_007;4;0.492407881;;0.698507695;8;1.8
MY_BE;MY_BE_MO_03_16_007;5;0.5351279;;0.698507695;8;1.8
MY_BE;MY_BE_MO_03_16_007;6;0.582138537;;0.698507695;8;1.8
MY_BE;MY_BE_MO_03_16_007;7;0.63808494;;0.698507695;8;1.8
MY_BE;MY_BE_MO_03_16_007;8;0.676098096;;0.698507695;8;1.8
MY_BE;MY_BE_MO_03_16_008;0;0.048166378;;0.868007488;8;1.8
MY_BE;MY_BE_MO_03_16_008;1;0.339560009;;0.868007488;8;1.8
MY_BE;MY_BE_MO_03_16_008;2;0.440560009;;0.868007488;8;1.8
MY_BE;MY_BE_MO_03_16_008;3;0.551564514;;0.868007488;8;1.8
MY_BE;MY_BE_MO_03_16_008;4;0.607885025;;0.868007488;8;1.8
MY_BE;MY_BE_MO_03_16_008;5;0.664885025;;0.868007488;8;1.8
MY_BE;MY_BE_MO_03_16_008;6;0.741416065;;0.868007488;8;1.8
MY_BE;MY_BE_MO_03_16_008;7;0.79338721;;0.868007488;8;1.8
MY_BE;MY_BE_MO_03_16_008;8;0.846547346;;0.868007488;8;1.8
MY_BE;MY_BE_MO_03_16_009;0;NA;;0.911079031;8;1.8
MY_BE;MY_BE_MO_03_16_009;1;0.42334147;;0.911079031;8;1.8
MY_BE;MY_BE_MO_03_16_009;2;0.561355962;;0.911079031;8;1.8
MY_BE;MY_BE_MO_03_16_009;3;0.639586391;;0.911079031;8;1.8
MY_BE;MY_BE_MO_03_16_009;4;0.697586391;;0.911079031;8;1.8
MY_BE;MY_BE_MO_03_16_009;5;0.754595162;;0.911079031;8;1.8
MY_BE;MY_BE_MO_03_16_009;6;0.8137306;;0.911079031;8;1.8
MY_BE;MY_BE_MO_03_16_009;7;0.86520875;;0.911079031;8;1.8
MY_BE;MY_BE_MO_03_16_009;8;0.891779411;;0.911079031;8;1.8
MY_BE;MY_BE_MO_03_16_010;0;NA;;0.564007979;7;1.8
MY_BE;MY_BE_MO_03_16_010;1;0.245130577;;0.564007979;7;1.8
MY_BE;MY_BE_MO_03_16_010;2;0.302016428;;0.564007979;7;1.8
MY_BE;MY_BE_MO_03_16_010;3;0.356761291;;0.564007979;7;1.8
MY_BE;MY_BE_MO_03_16_010;4;0.412761291;;0.564007979;7;1.8
MY_BE;MY_BE_MO_03_16_010;5;0.461924285;;0.564007979;7;1.8
MY_BE;MY_BE_MO_03_16_010;6;0.504970772;;0.564007979;7;1.8
MY_BE;MY_BE_MO_03_16_010;7;0.535384584;;0.564007979;7;1.8
MY_BE;MY_BE_MO_03_16_011;0;0.045188494;;0.638658751;6;1.8
MY_BE;MY_BE_MO_03_16_011;1;0.261772802;;0.638658751;6;1.8
MY_BE;MY_BE_MO_03_16_011;2;0.351399807;;0.638658751;6;1.8
MY_BE;MY_BE_MO_03_16_011;3;0.408399807;;0.638658751;6;1.8
MY_BE;MY_BE_MO_03_16_011;4;0.472524685;;0.638658751;6;1.8
MY_BE;MY_BE_MO_03_16_011;5;0.54244607;;0.638658751;6;1.8
MY_BE;MY_BE_MO_03_16_011;6;0.610754195;;0.638658751;6;1.8
MY_BE;MY_BE_MO_03_16_012;0;0.055217751;;0.569077323;5;1.8
MY_BE;MY_BE_MO_03_16_012;1;0.250241883;;0.569077323;5;1.8
MY_BE;MY_BE_MO_03_16_012;2;0.319668103;;0.569077323;5;1.8
MY_BE;MY_BE_MO_03_16_012;3;0.397725774;;0.569077323;5;1.8
MY_BE;MY_BE_MO_03_16_012;4;0.46069402;;0.569077323;5;1.8
MY_BE;MY_BE_MO_03_16_012;5;0.50837001;;0.569077323;5;1.8
MY_BE;MY_BE_MO_03_16_013;0;0.049040799;;0.463276375;10;1.8
MY_BE;MY_BE_MO_03_16_013;1;0.16858529;;0.463276375;10;1.8
MY_BE;MY_BE_MO_03_16_013;2;0.210021989;;0.463276375;10;1.8
MY_BE;MY_BE_MO_03_16_013;3;0.24203761;;0.463276375;10;1.8
MY_BE;MY_BE_MO_03_16_013;4;0.272187237;;0.463276375;10;1.8
MY_BE;MY_BE_MO_03_16_013;5;0.300979597;;0.463276375;10;1.8
MY_BE;MY_BE_MO_03_16_013;6;0.32728549;;0.463276375;10;1.8
MY_BE;MY_BE_MO_03_16_013;7;0.358430313;;0.463276375;10;1.8
MY_BE;MY_BE_MO_03_16_013;8;0.384507122;;0.463276375;10;1.8
MY_BE;MY_BE_MO_03_16_013;9;0.413935;;0.463276375;10;1.8
MY_BE;MY_BE_MO_03_16_013;10;0.444001593;;0.463276375;10;1.8
MY_BE;MY_BE_MO_03_16_014;0;0.055145263;;0.654400489;9;1.8
MY_BE;MY_BE_MO_03_16_014;1;0.305235974;;0.654400489;9;1.8
MY_BE;MY_BE_MO_03_16_014;2;0.370749332;;0.654400489;9;1.8
MY_BE;MY_BE_MO_03_16_014;3;0.41614757;;0.654400489;9;1.8
MY_BE;MY_BE_MO_03_16_014;4;0.457342229;;0.654400489;9;1.8
MY_BE;MY_BE_MO_03_16_014;5;0.506178691;;0.654400489;9;1.8
MY_BE;MY_BE_MO_03_16_014;6;0.543300114;;0.654400489;9;1.8
MY_BE;MY_BE_MO_03_16_014;7;0.578300114;;0.654400489;9;1.8
MY_BE;MY_BE_MO_03_16_014;8;0.608565605;;0.654400489;9;1.8
MY_BE;MY_BE_MO_03_16_014;9;0.631587334;;0.654400489;9;1.8
MY_BE;MY_BE_MO_03_16_015;0;NA;;0.620958131;10;1.8
MY_BE;MY_BE_MO_03_16_015;1;0.207509036;;0.620958131;10;1.8
MY_BE;MY_BE_MO_03_16_015;2;0.253214615;;0.620958131;10;1.8
MY_BE;MY_BE_MO_03_16_015;3;0.310354794;;0.620958131;10;1.8
MY_BE;MY_BE_MO_03_16_015;4;0.371649166;;0.620958131;10;1.8
MY_BE;MY_BE_MO_03_16_015;5;0.406777502;;0.620958131;10;1.8
MY_BE;MY_BE_MO_03_16_015;6;0.442288064;;0.620958131;10;1.8
MY_BE;MY_BE_MO_03_16_015;7;0.48533455;;0.620958131;10;1.8
MY_BE;MY_BE_MO_03_16_015;8;0.531432272;;0.620958131;10;1.8
MY_BE;MY_BE_MO_03_16_015;9;0.563432272;;0.620958131;10;1.8
MY_BE;MY_BE_MO_03_16_015;10;0.593448934;;0.620958131;10;1.8
OD_NI;OD_NI_MO_03_16_001;0;0.013341664;;0.751453259;13;1.8
OD_NI;OD_NI_MO_03_16_001;1;0.287605633;;0.751453259;13;1.8
OD_NI;OD_NI_MO_03_16_001;2;0.382947124;;0.751453259;13;1.8
OD_NI;OD_NI_MO_03_16_001;3;0.435339872;;0.751453259;13;1.8
OD_NI;OD_NI_MO_03_16_001;4;0.482180026;;0.751453259;13;1.8
OD_NI;OD_NI_MO_03_16_001;5;0.526327506;;0.751453259;13;1.8
OD_NI;OD_NI_MO_03_16_001;6;0.568100703;;0.751453259;13;1.8
OD_NI;OD_NI_MO_03_16_001;7;0.599245526;;0.751453259;13;1.8
OD_NI;OD_NI_MO_03_16_001;8;0.627881168;;0.751453259;13;1.8
OD_NI;OD_NI_MO_03_16_001;9;0.657035927;;0.751453259;13;1.8
OD_NI;OD_NI_MO_03_16_001;10;0.6841099;;0.751453259;13;1.8
OD_NI;OD_NI_MO_03_16_001;11;0.709289257;;0.751453259;13;1.8
OD_NI;OD_NI_MO_03_16_001;12;0.731311972;;0.751453259;13;1.8
OD_NI;OD_NI_MO_03_16_001;13;0.754506799;;0.751453259;13;1.8
OD_NI;OD_NI_MO_03_16_002;0;NA;;0.44681316;4;1.8
OD_NI;OD_NI_MO_03_16_002;1;0.279308074;;0.44681316;4;1.8
OD_NI;OD_NI_MO_03_16_002;2;0.327015515;;0.44681316;4;1.8
OD_NI;OD_NI_MO_03_16_002;3;0.373545076;;0.44681316;4;1.8
OD_NI;OD_NI_MO_03_16_002;4;0.417556438;;0.44681316;4;1.8
OD_NI;OD_NI_MO_03_16_003;0;NA;;0.580659108;6;1.8
OD_NI;OD_NI_MO_03_16_003;1;0.298080526;;0.580659108;6;1.8
OD_NI;OD_NI_MO_03_16_003;2;0.402200649;;0.580659108;6;1.8
OD_NI;OD_NI_MO_03_16_003;3;0.4536788;;0.580659108;6;1.8
OD_NI;OD_NI_MO_03_16_003;4;0.507139065;;0.580659108;6;1.8
OD_NI;OD_NI_MO_03_16_003;5;0.541271162;;0.580659108;6;1.8
OD_NI;OD_NI_MO_03_16_003;6;0.569342499;;0.580659108;6;1.8
OD_NI;OD_NI_MO_03_16_004;0;NA;;0.558982111;5;1.8
OD_NI;OD_NI_MO_03_16_004;1;0.305587958;;0.558982111;5;1.8
OD_NI;OD_NI_MO_03_16_004;2;0.395086561;;0.558982111;5;1.8
OD_NI;OD_NI_MO_03_16_004;3;0.45015924;;0.558982111;5;1.8
OD_NI;OD_NI_MO_03_16_004;4;0.499565718;;0.558982111;5;1.8
OD_NI;OD_NI_MO_03_16_004;5;0.53318119;;0.558982111;5;1.8
OD_NI;OD_NI_MO_03_16_005;0;NA;;0.665620012;11;1.8
OD_NI;OD_NI_MO_03_16_005;1;0.269208098;;0.665620012;11;1.8
OD_NI;OD_NI_MO_03_16_005;2;0.365670526;;0.665620012;11;1.8
OD_NI;OD_NI_MO_03_16_005;3;0.46404227;;0.665620012;11;1.8
OD_NI;OD_NI_MO_03_16_005;4;0.500538845;;0.665620012;11;1.8
OD_NI;OD_NI_MO_03_16_005;5;0.535766675;;0.665620012;11;1.8
OD_NI;OD_NI_MO_03_16_005;6;0.556766675;;0.665620012;11;1.8
OD_NI;OD_NI_MO_03_16_005;7;0.576990423;;0.665620012;11;1.8
OD_NI;OD_NI_MO_03_16_005;8;0.601177197;;0.665620012;11;1.8
OD_NI;OD_NI_MO_03_16_005;9;0.624946925;;0.665620012;11;1.8
OD_NI;OD_NI_MO_03_16_005;10;0.655622648;;0.665620012;11;1.8
OD_NI;OD_NI_MO_03_16_005;11;0.671146823;;0.665620012;11;1.8
OD_NI;OD_NI_MO_03_16_007;0;0.019313208;;0.769182683;13;1.8
OD_NI;OD_NI_MO_03_16_007;1;0.269081772;;0.769182683;13;1.8
OD_NI;OD_NI_MO_03_16_007;2;0.347529207;;0.769182683;13;1.8
OD_NI;OD_NI_MO_03_16_007;3;0.403071983;;0.769182683;13;1.8
OD_NI;OD_NI_MO_03_16_007;4;0.436909832;;0.769182683;13;1.8
OD_NI;OD_NI_MO_03_16_007;5;0.474246141;;0.769182683;13;1.8
OD_NI;OD_NI_MO_03_16_007;6;0.510093038;;0.769182683;13;1.8
OD_NI;OD_NI_MO_03_16_007;7;0.553174356;;0.769182683;13;1.8
OD_NI;OD_NI_MO_03_16_007;8;0.585127447;;0.769182683;13;1.8
OD_NI;OD_NI_MO_03_16_007;9;0.618653556;;0.769182683;13;1.8
OD_NI;OD_NI_MO_03_16_007;10;0.661734874;;0.769182683;13;1.8
OD_NI;OD_NI_MO_03_16_007;11;0.697581771;;0.769182683;13;1.8
OD_NI;OD_NI_MO_03_16_007;12;0.725759777;;0.769182683;13;1.8
OD_NI;OD_NI_MO_03_16_007;13;0.753490626;;0.769182683;13;1.8
OD_NI;OD_NI_MO_03_16_008;0;NA;;0.677844377;11;1.8
OD_NI;OD_NI_MO_03_16_008;1;0.277218326;;0.677844377;11;1.8
OD_NI;OD_NI_MO_03_16_008;2;0.372349813;;0.677844377;11;1.8
OD_NI;OD_NI_MO_03_16_008;3;0.441984575;;0.677844377;11;1.8
OD_NI;OD_NI_MO_03_16_008;4;0.49252169;;0.677844377;11;1.8
OD_NI;OD_NI_MO_03_16_008;5;0.53152169;;0.677844377;11;1.8
OD_NI;OD_NI_MO_03_16_008;6;0.574006982;;0.677844377;11;1.8
OD_NI;OD_NI_MO_03_16_008;7;0.602167237;;0.677844377;11;1.8
OD_NI;OD_NI_MO_03_16_008;8;0.627465459;;0.677844377;11;1.8
OD_NI;OD_NI_MO_03_16_008;9;0.648489255;;0.677844377;11;1.8
OD_NI;OD_NI_MO_03_16_008;10;0.667462921;;0.677844377;11;1.8
OD_NI;OD_NI_MO_03_16_008;11;0.67864326;;0.677844377;11;1.8
OD_NI;OD_NI_MO_03_16_009;0;0.013601471;;0.507771602;6;1.8
OD_NI;OD_NI_MO_03_16_009;1;0.259624729;;0.507771602;6;1.8
OD_NI;OD_NI_MO_03_16_009;2;0.352387868;;0.507771602;6;1.8
OD_NI;OD_NI_MO_03_16_009;3;0.386446641;;0.507771602;6;1.8
OD_NI;OD_NI_MO_03_16_009;4;0.419461789;;0.507771602;6;1.8
OD_NI;OD_NI_MO_03_16_009;5;0.455821107;;0.507771602;6;1.8
OD_NI;OD_NI_MO_03_16_009;6;0.484665517;;0.507771602;6;1.8
OD_NI;OD_NI_MO_03_16_010;0;NA;;0.547008227;5;1.8
OD_NI;OD_NI_MO_03_16_010;1;0.331891549;;0.547008227;5;1.8
OD_NI;OD_NI_MO_03_16_010;2;0.401231292;;0.547008227;5;1.8
OD_NI;OD_NI_MO_03_16_010;3;0.450880058;;0.547008227;5;1.8
OD_NI;OD_NI_MO_03_16_010;4;0.491191347;;0.547008227;5;1.8
OD_NI;OD_NI_MO_03_16_010;5;0.527591896;;0.547008227;5;1.8
OD_NI;OD_NI_MO_03_16_011;0;NA;;0.56393794;6;1.8
OD_NI;OD_NI_MO_03_16_011;1;0.253339693;;0.56393794;6;1.8
OD_NI;OD_NI_MO_03_16_011;2;0.338310276;;0.56393794;6;1.8
OD_NI;OD_NI_MO_03_16_011;3;0.401634837;;0.56393794;6;1.8
OD_NI;OD_NI_MO_03_16_011;4;0.456789166;;0.56393794;6;1.8
OD_NI;OD_NI_MO_03_16_011;5;0.519086838;;0.56393794;6;1.8
OD_NI;OD_NI_MO_03_16_011;6;0.549549931;;0.56393794;6;1.8
OD_NI;OD_NI_MO_03_16_012;0;NA;;0.695276923;11;1.8
OD_NI;OD_NI_MO_03_16_012;1;0.310697602;;0.695276923;11;1.8
OD_NI;OD_NI_MO_03_16_012;2;0.396125935;;0.695276923;11;1.8
OD_NI;OD_NI_MO_03_16_012;3;0.440780162;;0.695276923;11;1.8
OD_NI;OD_NI_MO_03_16_012;4;0.476135501;;0.695276923;11;1.8
OD_NI;OD_NI_MO_03_16_012;5;0.512905054;;0.695276923;11;1.8
OD_NI;OD_NI_MO_03_16_012;6;0.545107538;;0.695276923;11;1.8
OD_NI;OD_NI_MO_03_16_012;7;0.5751242;;0.695276923;11;1.8
OD_NI;OD_NI_MO_03_16_012;8;0.610634762;;0.695276923;11;1.8
OD_NI;OD_NI_MO_03_16_012;9;0.63258926;;0.695276923;11;1.8
OD_NI;OD_NI_MO_03_16_012;10;0.660048321;;0.695276923;11;1.8
OD_NI;OD_NI_MO_03_16_012;11;0.682520526;;0.695276923;11;1.8
OD_NI;OD_NI_MO_03_16_013;0;NA;;0.486230398;3;1.8
OD_NI;OD_NI_MO_03_16_013;1;0.253617823;;0.486230398;3;1.8
OD_NI;OD_NI_MO_03_16_013;2;0.357661083;;0.486230398;3;1.8
OD_NI;OD_NI_MO_03_16_013;3;0.438469498;;0.486230398;3;1.8
OD_NI;OD_NI_MO_03_16_014;0;NA;;0.483037266;2;1.8
OD_NI;OD_NI_MO_03_16_014;1;0.325613268;;0.483037266;2;1.8
OD_NI;OD_NI_MO_03_16_014;2;0.449520491;;0.483037266;2;1.8
CE_BI;CE_BI_MO_03_16_001;0;0.01835756;;0.729222188;11;3.3
CE_BI;CE_BI_MO_03_16_001;1;0.276470613;;0.729222188;11;3.3
CE_BI;CE_BI_MO_03_16_001;2;0.353574439;;0.729222188;11;3.3
CE_BI;CE_BI_MO_03_16_001;3;0.408026253;;0.729222188;11;3.3
CE_BI;CE_BI_MO_03_16_001;4;0.473302589;;0.729222188;11;3.3
CE_BI;CE_BI_MO_03_16_001;5;0.540332433;;0.729222188;11;3.3
CE_BI;CE_BI_MO_03_16_001;6;0.594415702;;0.729222188;11;3.3
CE_BI;CE_BI_MO_03_16_001;7;0.625480151;;0.729222188;11;3.3
CE_BI;CE_BI_MO_03_16_001;8;0.654549035;;0.729222188;11;3.3
CE_BI;CE_BI_MO_03_16_001;9;0.681549035;;0.729222188;11;3.3
CE_BI;CE_BI_MO_03_16_001;10;0.704549035;;0.729222188;11;3.3
CE_BI;CE_BI_MO_03_16_001;11;0.724549035;;0.729222188;11;3.3
CE_BI;CE_BI_MO_03_16_002;0;0.015264338;;0.450442005;7;3.3
CE_BI;CE_BI_MO_03_16_002;1;0.246077224;;0.450442005;7;3.3
CE_BI;CE_BI_MO_03_16_002;2;0.281854311;;0.450442005;7;3.3
CE_BI;CE_BI_MO_03_16_002;3;0.32614878;;0.450442005;7;3.3
CE_BI;CE_BI_MO_03_16_002;4;0.359269771;;0.450442005;7;3.3
CE_BI;CE_BI_MO_03_16_002;5;0.388114181;;0.450442005;7;3.3
CE_BI;CE_BI_MO_03_16_002;6;0.412812359;;0.450442005;7;3.3
CE_BI;CE_BI_MO_03_16_002;7;0.433403619;;0.450442005;7;3.3
CE_BI;CE_BI_MO_03_16_003;0;NA;;0.374733238;4;3.3
CE_BI;CE_BI_MO_03_16_003;1;0.261354166;;0.374733238;4;3.3
CE_BI;CE_BI_MO_03_16_003;2;0.309406221;;0.374733238;4;3.3
CE_BI;CE_BI_MO_03_16_003;3;0.336089549;;0.374733238;4;3.3
CE_BI;CE_BI_MO_03_16_003;4;0.359859278;;0.374733238;4;3.3
CE_BI;CE_BI_MO_03_16_004;0;0.015264338;;0.363049583;4;3.3
CE_BI;CE_BI_MO_03_16_004;1;0.236888159;;0.363049583;4;3.3
CE_BI;CE_BI_MO_03_16_004;2;0.280899521;;0.363049583;4;3.3
CE_BI;CE_BI_MO_03_16_004;3;0.317614641;;0.363049583;4;3.3
CE_BI;CE_BI_MO_03_16_004;4;0.344034331;;0.363049583;4;3.3
CE_BI;CE_BI_MO_03_16_005;0;NA;;0.347600345;3;3.3
CE_BI;CE_BI_MO_03_16_005;1;0.223897298;;0.347600345;3;3.3
CE_BI;CE_BI_MO_03_16_005;2;0.287787829;;0.347600345;3;3.3
CE_BI;CE_BI_MO_03_16_005;3;0.333580842;;0.347600345;3;3.3
CE_BI;CE_BI_MO_03_16_006;0;NA;;0.317804972;3;3.3
CE_BI;CE_BI_MO_03_16_006;1;0.230360587;;0.317804972;3;3.3
CE_BI;CE_BI_MO_03_16_006;2;0.269565178;;0.317804972;3;3.3
CE_BI;CE_BI_MO_03_16_006;3;0.297565178;;0.317804972;3;3.3
CE_BI;CE_BI_MO_03_16_007;0;NA;;0.299282475;2;3.3
CE_BI;CE_BI_MO_03_16_007;1;0.241049787;;0.299282475;2;3.3
CE_BI;CE_BI_MO_03_16_007;2;0.268780637;;0.299282475;2;3.3
CE_BI;CE_BI_MO_03_16_008;0;NA;;0.269898129;1;3.3
CE_BI;CE_BI_MO_03_16_008;1;0.23242203;;0.269898129;1;3.3
CE_BI;CE_BI_MO_03_16_009;0;0.010630146;;0.256912436;1;3.3
CE_BI;CE_BI_MO_03_16_009;1;0.230531993;;0.256912436;1;3.3
