"Species","Agei","Estimate","Est.Error","Q2.5","Q97.5"
"Acanthurus achilles",0,0.714644933737999,4.42072619907974,-10.9134237504603,6.04061335511187
"Acanthurus achilles",0.1,2.3031287659133,3.7970174234427,-7.51083677465929,7.19411198956603
"Acanthurus achilles",0.2,3.75393196660329,3.27934463294895,-4.63282322738963,8.28627147171952
"Acanthurus achilles",0.3,5.07975306566114,2.8532908698301,-2.06234204645741,9.30870902765235
"Acanthurus achilles",0.4,6.29204275157834,2.50605122128489,0.163182855087945,10.2708874792113
"Acanthurus achilles",0.5,7.40113457308501,2.22602539117071,2.14729592961986,11.1548087481095
"Acanthurus achilles",0.6,8.41636105199023,2.00253253659836,3.91561166405836,11.9834425298292
"Acanthurus achilles",0.7,9.34615694131489,1.82568183890854,5.42198940573209,12.7524623565516
"Acanthurus achilles",0.8,10.1981511435179,1.68639919248989,6.71592049509829,13.4393452414843
"Acanthurus achilles",0.9,10.9792486138099,1.57655970345144,7.81292466017461,14.0659178832736
"Acanthurus achilles",1,11.6957034089947,1.48914038980705,8.74647027618822,14.6468447002317
"Acanthurus achilles",1.1,12.3531838994198,1.41831334986076,9.56897082889537,15.1788618397675
"Acanthurus achilles",1.2,12.9568310374183,1.35944030515912,10.3235399875354,15.6811911521835
"Acanthurus achilles",1.3,13.5113104675082,1.30897516951236,10.9722117758342,16.1190796788546
"Acanthurus achilles",1.4,14.020859169371,1.26430810273734,11.5644378202628,16.5377456534478
"Acanthurus achilles",1.5,14.4893272423784,1.22358848976098,12.103797066473,16.9136577905108
"Acanthurus achilles",1.6,14.9202153685586,1.18555477378821,12.608201464732,17.2489561703345
"Acanthurus achilles",1.7,15.3167084280021,1.14938644725786,13.0580293495623,17.5499114231319
"Acanthurus achilles",1.8,15.6817056856218,1.11458346808072,13.4809106707884,17.8270835562733
"Acanthurus achilles",1.9,16.0178479198669,1.0808723014565,13.8704670994435,18.0762633350687
"Acanthurus achilles",2,16.3275418215769,1.04813495460437,14.2153337740543,18.3131347384928
"Acanthurus achilles",2.1,16.6129819538809,1.0163565614737,14.5548494514104,18.5280118862645
"Acanthurus achilles",2.2,16.8761705312427,0.985587302044356,14.8777927985577,18.7186571030359
"Acanthurus achilles",2.3,17.1189352468616,0.955915085942993,15.1753427325679,18.8988807176026
"Acanthurus achilles",2.4,17.3429453521629,0.927446162578984,15.4481020339871,19.0696419895709
"Acanthurus achilles",2.5,17.5497261696288,0.900291491076284,15.7052373222221,19.2273985501676
"Acanthurus achilles",2.6,17.7406722003565,0.874557262097126,15.9490698928725,19.3665682260518
"Acanthurus achilles",2.7,17.9170589701658,0.850338405611349,16.17336116639,19.5057481131463
"Acanthurus achilles",2.8,18.0800537425315,0.827714257307429,16.3799551087471,19.6239548427486
"Acanthurus achilles",2.9,18.2307252128407,0.80674580969199,16.5735427068566,19.7425532541351
"Acanthurus achilles",3,18.3700522862635,0.787474158736761,16.7511098460277,19.8486750229827
"Acanthurus achilles",3.1,18.4989320306839,0.769919886978355,16.9165514254708,19.9507436184069
"Acanthurus achilles",3.2,18.6181868865112,0.754083210226855,17.0730170755556,20.0449569535698
"Acanthurus achilles",3.3,18.7285712066305,0.73994476655795,17.226032959192,20.1317540040208
"Acanthurus achilles",3.4,18.8307771921363,0.727466951161548,17.35572544464,20.2188405994315
"Acanthurus achilles",3.5,18.9254402827104,0.716595706690339,17.4761869384838,20.2927161772989
"Acanthurus achilles",3.6,19.0131440544612,0.707262673607812,17.5878222950072,20.3638595502979
"Acanthurus achilles",3.7,19.0944246726528,0.699387595770963,17.6846205401481,20.4335125799606
"Acanthurus achilles",3.8,19.1697749419388,0.692880869041665,17.7723191924563,20.4858106483585
"Acanthurus achilles",3.9,19.2396479924205,0.687646119253288,17.8493653150357,20.5543114950557
"Acanthurus achilles",4,19.3044606360066,0.68358270234708,17.9245276882028,20.612826300103
"Acanthurus achilles",4.1,19.3645964241163,0.680588033792898,17.9922161050545,20.6714526751644
"Acanthurus achilles",4.2,19.4204084346901,0.678559674711129,18.0605693240178,20.7196141836214
"Acanthurus achilles",4.3,19.4722218137197,0.67739712565924,18.1131034374831,20.7691697964566
"Acanthurus achilles",4.4,19.5203360940373,0.677003302894302,18.1569502199369,20.8156590854778
"Acanthurus achilles",4.5,19.5650273118878,0.677285693559734,18.2025262997263,20.8582857914509
"Acanthurus achilles",4.6,19.6065499398225,0.678157203950413,18.248024518254,20.901906317476
"Acanthurus achilles",4.7,19.6451386526619,0.679536727954847,18.2802391313992,20.9397824227801
"Acanthurus achilles",4.8,19.6810099416747,0.681349470909991,18.3083030444105,20.9774826404934
"Acanthurus achilles",4.9,19.714363590673,0.683527067953089,18.3350572211747,21.0153789741898
"Acanthurus achilles",5,19.7453840264265,0.686007536355088,18.3546797190597,21.0485919281286
"Acanthurus achilles",5.1,19.7742415546274,0.688735099217253,18.3832810286187,21.0861693675183
"Acanthurus achilles",5.2,19.8010934915843,0.691659914203221,18.407905494747,21.1209458534908
"Acanthurus achilles",5.3,19.8260852008753,0.694737736420726,18.4294406897712,21.1491557260204
"Acanthurus achilles",5.4,19.8493510433275,0.697929539742766,18.443668629835,21.1791899339988
"Acanthurus achilles",5.5,19.8710152479252,0.701201116174644,18.4610091542635,21.2086123677942
"Acanthurus achilles",5.6,19.8911927105421,0.704522668586644,18.4740870649344,21.2321169210855
"Acanthurus achilles",5.7,19.9099897267669,0.707868408377701,18.4837016676792,21.2554268496356
"Acanthurus achilles",5.8,19.9275046645204,0.711216166461292,18.4936626909059,21.2767424900995
"Acanthurus achilles",5.9,19.9438285816427,0.714547023360855,18.5043212695186,21.2988275276758
"Acanthurus achilles",6,19.9590457931666,0.717844962122758,18.5124160646906,21.3237867973688
"Acanthurus achilles",6.1,19.973234392567,0.721096546136786,18.5241740056801,21.34212588804
"Acanthurus achilles",6.2,19.9864667308936,0.724290622727462,18.5329327680351,21.3666351671927
"Acanthurus achilles",6.3,19.9988098573482,0.727418052475922,18.5362001173593,21.3819477261388
"Acanthurus achilles",6.4,20.0103259245503,0.730471463588699,18.5429527469485,21.4028687210266
"Acanthurus achilles",6.5,20.0210725614515,0.733445030191537,18.5493922900543,21.4166052015874
"Acanthurus achilles",6.6,20.0311032165978,0.736334273146767,18.5539841219312,21.4375140118124
"Acanthurus achilles",6.7,20.0404674742041,0.739135881833119,18.5580065311419,21.4502900423358
"Acanthurus achilles",6.8,20.0492113452905,0.74184755525619,18.5603704322132,21.4649618401011
"Acanthurus achilles",6.9,20.0573775359369,0.74446786085138,18.5635122140382,21.4781049418796
"Acanthurus achilles",7,20.0650056945317,0.746996109379705,18.5662598077157,21.4917623291205
"Acanthurus achilles",7.1,20.0721326397349,0.749432244385818,18.5681378962219,21.5036560414269
"Acanthurus achilles",7.2,20.0787925707224,0.751776744775605,18.5688905195606,21.5110550327426
"Acanthurus achilles",7.3,20.085017261152,0.754030539169596,18.5719271309435,21.5240120673327
"Acanthurus achilles",7.4,20.0908362381631,0.756194930792185,18.5774388325536,21.5345461938638
"Acanthurus achilles",7.5,20.0962769476165,0.758271531760879,18.5803300544964,21.5449529448696
"Acanthurus achilles",7.6,20.1013649066764,0.760262205741641,18.5820635607411,21.5522901550176
"Acanthurus achilles",7.7,20.1061238447455,0.762169018033798,18.5841518300901,21.5602398162053
"Acanthurus achilles",7.8,20.1105758336796,0.763994192239756,18.5851292737635,21.5669592764993
"Acanthurus achilles",7.9,20.1147414081326,0.76574007276021,18.5879794298009,21.5742430820996
"Acanthurus achilles",8,20.1186396768091,0.767409092434375,18.5882092359503,21.5804297826563
"Acanthurus achilles",8.1,20.1222884253421,0.769003744716933,18.5892320393247,21.586630224231
"Acanthurus achilles",8.2,20.1257042114513,0.770526559849078,18.5907019593472,21.5915187378431
"Acanthurus achilles",8.3,20.1289024529846,0.771980084540601,18.5920582568497,21.5976996424662
"Acanthurus achilles",8.4,20.1318975093984,0.773366864733601,18.5933364600211,21.603041314537
"Acanthurus achilles",8.5,20.1347027571829,0.774689431066741,18.5952592763279,21.6094226608448
"Acanthurus achilles",8.6,20.1373306597037,0.775950286702213,18.5956091543525,21.6132538037421
"Acanthurus achilles",8.7,20.1397928318863,0.777151897216365,18.5965759547889,21.6194656049654
"Acanthurus achilles",8.8,20.1421001001428,0.778296682289492,18.5974847160191,21.6263549810949
"Acanthurus achilles",8.9,20.1442625579015,0.779387008961112,18.5989620812926,21.6325763719272
"Acanthurus achilles",9,20.1462896170772,0.780425186244535,18.5992903072975,21.6360042608056
"Acanthurus achilles",9.1,20.1481900557895,0.781413460918856,18.5999993628999,21.6404202413027
"Acanthurus achilles",9.2,20.149972062613,0.782354014338225,18.6003692572185,21.6441211839341
"Acanthurus achilles",9.3,20.1516432776221,0.783248960117418,18.6006217507003,21.648362750714
"Acanthurus achilles",9.4,20.153210830471,0.784100342569791,18.6009844414598,21.6521009328079
"Acanthurus achilles",9.5,20.1546813757312,0.784910135788783,18.6013387095327,21.6553989716971
"Acanthurus achilles",9.6,20.1560611256918,0.78568024327747,18.6021218491955,21.6591098563535
"Acanthurus achilles",9.7,20.1573558808122,0.786412498042517,18.6028056359979,21.6631811366436
"Acanthurus achilles",9.8,20.158571058,0.78710866307929,18.6034603157648,21.6678589019184
"Acanthurus achilles",9.9,20.1597117168769,0.787770432184127,18.6037599423406,21.6706486170841
"Acanthurus achilles",10,20.1607825841806,0.788399431037925,18.6040233575964,21.6755051683776
"Acanthurus achilles",10.1,20.1617880764394,0.788997218512364,18.6042504794587,21.6795609565328
"Acanthurus achilles",10.2,20.1627323210466,0.789565288156461,18.6045188522643,21.6805956561368
"Acanthurus achilles",10.3,20.1636191758523,0.790105069826712,18.6045235716595,21.6838729878011
"Acanthurus achilles",10.4,20.16445224738,0.790617931429019,18.604528308471,21.6851279514308
"Acanthurus achilles",10.5,20.1652349077684,0.79110518074492,18.6046080267493,21.6886305601598
"Acanthurus achilles",10.6,20.1659703105304,0.791568067318469,18.6047089071015,21.6915012747164
"Acanthurus achilles",10.7,20.166661405216,0.792007784383441,18.6050836242635,21.6935578272991
"Acanthurus achilles",10.8,20.1673109510568,0.792425470813502,18.6051448785842,21.694374514688
"Acanthurus achilles",10.9,20.1679215296657,0.792822213080551,18.6051480827381,21.6958406802559
"Acanthurus achilles",11,20.1684955568603,0.7931990472087,18.6051509533148,21.6987114274154
"Acanthurus achilles",11.1,20.1690352936715,0.793556960713355,18.6051535264117,21.6999192452311
"Acanthurus achilles",11.2,20.1695428565965,0.79389689451657,18.6051582074774,21.7000495002011
"Acanthurus achilles",11.3,20.1700202271487,0.794219744831375,18.6055219015183,21.7016819298648
"Acanthurus achilles",11.4,20.1704692607556,0.794526365009081,18.605926325532,21.7040790242755
"Acanthurus achilles",11.5,20.1708916950498,0.794817567344728,18.6060219164596,21.704997390964
"Acanthurus achilles",11.6,20.1712891575969,0.795094124836812,18.6060529730583,21.7053673785022
"Acanthurus achilles",11.7,20.1716631730986,0.795356772898315,18.606081297772,21.705951976833
"Acanthurus achilles",11.8,20.1720151701091,0.795606211016788,18.6061071309107,21.7065001391815
"Acanthurus achilles",11.9,20.172346487298,0.795843104361884,18.6061306916454,21.7070141367001
"Acanthurus achilles",12,20.1726583792918,0.796068085339287,18.606152179868,21.7093542750697
"Acanthurus achilles",12.1,20.1729520221229,0.796281755090466,18.6061717778865,21.7094020712869
"Acanthurus achilles",12.2,20.1732285183141,0.796484684938059,18.6061896519725,21.7094460688254
"Acanthurus achilles",12.3,20.1734889016228,0.796677417777053,18.6062059537714,21.7110786601275
"Acanthurus achilles",12.4,20.1737341414692,0.796860469412214,18.606223841489,21.7124757516805
"Acanthurus achilles",12.5,20.1739651470698,0.797034329842429,18.6062416513146,21.7130209852428
"Acanthurus achilles",12.6,20.1741827712971,0.797199464492871,18.6062579892883,21.7135338894576
"Acanthurus achilles",12.7,20.1743878142837,0.797356315396005,18.6062729784684,21.7140163814277
"Acanthurus achilles",12.8,20.1745810267875,0.797505302322628,18.6063637867122,21.7144702645639
"Acanthurus achilles",12.9,20.1747631133368,0.797646823864219,18.6065023970866,21.7148972353279
"Acanthurus achilles",13,20.1749347351674,0.797781258467948,18.6066316159655,21.7152988895755
"Acanthurus achilles",13.1,20.1750965129673,0.797908965425786,18.6067520797616,21.715928212923
"Acanthurus achilles",13.2,20.1752490294426,0.798030285819154,18.6068643817529,21.7167633428697
"Acanthurus achilles",13.3,20.1753928317145,0.798145543420625,18.606969075007,21.717578973327
"Acanthurus achilles",13.4,20.1755284335617,0.79825504555417,18.607066675107,21.7182593633648
"Acanthurus achilles",13.5,20.1756563175161,0.798359083915462,18.6071576626926,21.7189663013967
"Acanthurus achilles",13.6,20.1757769368224,0.79845793535375,18.6072424858292,21.7205714479013
"Acanthurus achilles",13.7,20.175890717272,0.798551862616777,18.6073215622159,21.721000668808
"Acanthurus achilles",13.8,20.1759980589174,0.798641115060242,18.6073952812438,21.7213379692224
"Acanthurus achilles",13.9,20.1760993376769,0.798725929323224,18.6074640059151,21.7216183601681
"Acanthurus achilles",14,20.1761949068355,0.798806529971003,18.6075280746319,21.7218962534704
"Acanthurus achilles",14.1,20.1762850984502,0.798883130106664,18.6075878028635,21.7223834684032
"Acanthurus achilles",14.2,20.1763702246649,0.798955931952823,18.6076434847008,21.722736438243
"Acanthurus achilles",14.3,20.1764505789415,0.799025127404796,18.6076953943056,21.7227716036552
"Acanthurus achilles",14.4,20.1765264372124,0.799090898556474,18.607743787261,21.7228125833481
"Acanthurus achilles",14.5,20.1765980589602,0.799153418200146,18.607788901831,21.7230161705777
"Acanthurus achilles",14.6,20.1766656882277,0.799212850301451,18.6078309601342,21.7232035215464
"Acanthurus achilles",14.7,20.1767295545657,0.799269350450602,18.6078701692378,21.7233750910971
"Acanthurus achilles",14.8,20.1767898739192,0.799323066291006,18.607906722178,21.7235364564798
"Acanthurus achilles",14.9,20.1768468494588,0.799374137926327,18.6079407989111,21.723688224695
"Acanthurus achilles",15,20.1769006723591,0.799422698307016,18.6079725671992,21.7238309666274
"Acanthurus achilles",15.1,20.1769515225291,0.799468873597297,18.6080021834376,21.7239652191956
"Acanthurus achilles",15.2,20.1769995692955,0.799512783523549,18.6080297934244,21.7240914873733
"Acanthurus achilles",15.3,20.1770449720445,0.799554541704978,18.6080555330788,21.7242102460906
"Acanthurus achilles",15.4,20.1770878808231,0.799594255967452,18.6080795291107,21.7243219420218
"Acanthurus achilles",15.5,20.1771284369023,0.799632028641318,18.608101899645,21.7244258829987
"Acanthurus achilles",15.6,20.1771667733065,0.799667956843995,18.6081227548027,21.7244350034275
"Acanthurus achilles",15.7,20.177203015309,0.799702132748096,18.608142197244,21.7244434677626
"Acanthurus achilles",15.8,20.1772372808974,0.799734643835801,18.6081603226733,21.7244513237477
"Acanthurus achilles",15.9,20.17726968121,0.799765573140162,18.6081772203111,21.724491213955
"Acanthurus achilles",16,20.1773003209452,0.799794999474004,18.6081929733329,21.724861288555
"Acanthurus achilles",16.1,20.1773292987462,0.799822997647041,18.6082076592789,21.7248657940954
"Acanthurus achilles",16.2,20.177356707561,0.799849638671804,18.608221350436,21.7248699807623
"Acanthurus achilles",16.3,20.1773826349819,0.799874989958948,18.6082341141937,21.7248738715309
"Acanthurus achilles",16.4,20.1774071635625,0.799899115502478,18.608246013376,21.7248774876942
"Acanthurus achilles",16.5,20.1774303711167,0.799922076055407,18.6082571065506,21.7248808489878
"Acanthurus achilles",16.6,20.1774523309987,0.799943929296335,18.6082674483172,21.7248839737055
"Acanthurus achilles",16.7,20.1774731123662,0.799964729987412,18.6082770895769,21.7248868788058
"Acanthurus achilles",16.8,20.1774927804276,0.799984530124132,18.608286077782,21.7248895800113
"Acanthurus achilles",16.9,20.1775113966743,0.800003379077373,18.6082944571704,21.7248920918999
"Acanthurus achilles",17,20.1775290190987,0.80002132372808,18.608302268983,21.7248944279893
"Acanthurus achilles",17.1,20.1775457023994,0.800038408594979,18.6083095516667,21.7248966008154
"Acanthurus achilles",17.2,20.1775614981735,0.800054675955675,18.6083163410641,21.7248986220047
"Acanthurus achilles",17.3,20.177576455098,0.800070165961475,18.6083226705894,21.724900502341
"Acanthurus achilles",17.4,20.1775906190997,0.800084916746267,18.6083285713933,21.7251465235967
"Acanthurus achilles",17.5,20.177604033515,0.800098964529759,18.6083340725164,21.7256347052592
"Acanthurus achilles",17.6,20.177616739241,0.800112343715369,18.6083392010319,21.7256732229232
"Acanthurus achilles",17.7,20.1776287748758,0.800125086983048,18.6083439821789,21.7257006713627
"Acanthurus achilles",17.8,20.1776401768525,0.800137225377296,18.608348439487,21.7257264872028
"Acanthurus achilles",17.9,20.1776509795636,0.80014878839062,18.6083525948917,21.7257507675536
"Acanthurus achilles",18,20.177661215479,0.80015980404268,18.6083564688426,21.7257736037487
"Acanthurus achilles",18.1,20.1776709152562,0.80017029895533,18.6083600804042,21.7257950816886
"Acanthurus achilles",18.2,20.177680107845,0.800180298423788,18.6083634473494,21.7258152821641
"Acanthurus achilles",18.3,20.177688820585,0.800189826484121,18.6083665862471,21.7258342811602
"Acanthurus achilles",18.4,20.1776970792976,0.800198905977244,18.6083695125441,21.7258521501419
"Acanthurus achilles",18.5,20.1777049083735,0.800207558609615,18.6083707337919,21.7258689563232
"Acanthurus achilles",18.6,20.1777123308535,0.800215805010794,18.6083710743331,21.72588476292
"Acanthurus achilles",18.7,20.177719368506,0.800223664788038,18.6083713885703,21.7259642627747
"Acanthurus achilles",18.8,20.1777260418987,0.800231156578071,18.6083716785354,21.7260731628288
"Acanthurus achilles",18.9,20.1777323704673,0.800238298096196,18.6083719461033,21.7261769618298
"Acanthurus achilles",19,20.1777383725796,0.800245106182872,18.6083721930042,21.7262758987507
"Acanthurus achilles",19.1,20.1777440655954,0.800251596847894,18.6083724208344,21.7263114439814
"Acanthurus achilles",19.2,20.1777494659238,0.800257785312302,18.6083726310671,21.726316792703
"Acanthurus achilles",19.3,20.1777545890769,0.800263686048133,18.6083728250617,21.7263218374344
"Acanthurus achilles",19.4,20.1777594497198,0.800269312816139,18.6083730040723,21.7263265958579
"Acanthurus achilles",19.5,20.1777640617188,0.800274678701557,18.6083731692564,21.7263297100482
"Acanthurus achilles",19.6,20.1777684381855,0.800279796148056,18.6083733216821,21.7263322219706
"Acanthurus achilles",19.7,20.1777725915196,0.800284676989936,18.6083734623348,21.7263345729372
"Acanthurus achilles",19.8,20.1777765334485,0.800289332482684,18.6083735921239,21.7263367732651
"Acanthurus achilles",19.9,20.1777802750647,0.800293773331963,18.6083737118885,21.7263388326097
"Acanthurus achilles",20,20.1777838268614,0.800298009721125,18.6083738224029,21.7263407600073
"Acanthurus achilles",20.1,20.1777871987655,0.800302051337305,18.6083739243816,21.7263425639151
"Acanthurus achilles",20.2,20.1777904001694,0.800305907396204,18.608374018484,21.7263442522478
"Acanthurus achilles",20.3,20.1777934399604,0.80030958666559,18.6083741053183,21.7263458324127
"Acanthurus achilles",20.4,20.1777963265488,0.800313097487613,18.608374185446,21.7263473113423
"Acanthurus achilles",20.5,20.1777990678938,0.800316447799979,18.6083742593851,21.7263486955246
"Acanthurus achilles",20.6,20.1778016715292,0.800319645156049,18.6083743276136,21.7263499910318
"Acanthurus achilles",20.7,20.177804144586,0.800322696743922,18.6083743905725,21.7263512035465
"Acanthurus achilles",20.8,20.177806493815,0.800325609404538,18.6083744486689,21.7263523383873
"Acanthurus achilles",20.9,20.1778087256076,0.800328389648878,18.6083745022784,21.7263534005318
"Acanthurus achilles",21,20.1778108460155,0.800331043674279,18.6083745517474,21.7263543946383
"Acanthurus achilles",21.1,20.177812860769,0.800333577379935,18.6083745973959,21.7263553250669
"Acanthurus achilles",21.2,20.177814775295,0.800335996381608,18.6083746395188,21.7263561958978
"Acanthurus achilles",21.3,20.1778165947332,0.800338306025597,18.6083746783885,21.7263570109499
"Acanthurus achilles",21.4,20.1778183239519,0.800340511402006,18.6083747142562,21.7263577737972
"Acanthurus achilles",21.5,20.1778199675627,0.800342617357338,18.6083747473539,21.7263584877847
"Acanthurus achilles",21.6,20.1778215299343,0.800344628506463,18.6083747778953,21.726359156043
"Acanthurus achilles",21.7,20.1778230152061,0.800346549243974,18.6083748060781,21.726359781502
"Acanthurus achilles",21.8,20.1778244272999,0.800348383754984,18.6083748320843,21.7263603669038
"Acanthurus achilles",21.9,20.1778257699324,0.800350136025371,18.6083748560821,21.7263609148148
"Acanthurus achilles",22,20.1778270466255,0.800351809851518,18.6083748782265,21.7263614276369
"Acanthurus achilles",22.1,20.1778282607176,0.80035340884956,18.6083748986607,21.726361907618
"Acanthurus achilles",22.2,20.1778294153727,0.800354936464174,18.6083749175168,21.7263623568621
"Acanthurus achilles",22.3,20.1778305135903,0.80035639597692,18.6083749349167,21.7263627773383
"Acanthurus achilles",22.4,20.1778315582138,0.800357790514181,18.6083749509729,21.7263631708893
"Acanthurus achilles",22.5,20.1778325519394,0.800359123054693,18.608374965789,21.7263635392401
"Acanthurus achilles",22.6,20.1778334973232,0.800360396436708,18.6083749794609,21.7263638840049
"Acanthurus achilles",22.7,20.1778343967893,0.8003616133648,18.608374992077,21.7263642066944
"Acanthurus achilles",22.8,20.1778352526366,0.800362776416332,18.6083750037188,21.7263645087228
"Acanthurus achilles",22.9,20.1778360670455,0.800363888047604,18.6083750144615,21.7263647914133
"Acanthurus achilles",23,20.1778368420841,0.800364950599692,18.6083750243746,21.7263650560047
"Acanthurus achilles",23.1,20.1778375797141,0.800365966304001,18.6083750335222,21.7263653036561
"Acanthurus achilles",23.2,20.1778382817967,0.80036693728755,18.6083750419633,21.7263655354526
"Acanthurus achilles",23.3,20.1778389500975,0.800367865577981,18.6083750497525,21.7263657524095
"Acanthurus achilles",23.4,20.1778395862921,0.800368753108337,18.6083750569403,21.7263659554772
"Acanthurus achilles",23.5,20.1778401919702,0.800369601721593,18.6083750635729,21.7263661455454
"Acanthurus achilles",23.6,20.1778407686406,0.800370413174973,18.6083750696934,21.7263663234464
"Acanthurus achilles",23.7,20.1778413177352,0.800371189144046,18.6083750753412,21.7263664899595
"Acanthurus achilles",23.8,20.1778418406132,0.80037193122663,18.6083750805528,21.7263666458139
"Acanthurus achilles",23.9,20.1778423385646,0.800372640946498,18.608375085362,21.7263667916921
"Acanthurus achilles",24,20.1778428128143,0.800373319756907,18.6083750897998,21.7263669282331
"Acanthurus achilles",24.1,20.1778432645249,0.800373969043949,18.6083750938949,21.7263670560346
"Acanthurus achilles",24.2,20.1778436948006,0.800374590129747,18.6083750976738,21.7263671756564
"Acanthurus achilles",24.3,20.1778441046895,0.800375184275486,18.6083751011608,21.726367287622
"Acanthurus achilles",24.4,20.1778444951873,0.800375752684304,18.6083751043786,21.7263673924218
"Acanthurus achilles",24.5,20.1778448672394,0.800376296504034,18.6083751073478,21.7263674905146
"Acanthurus achilles",24.6,20.1778452217437,0.800376816829825,18.6083751100878,21.7263675823297
"Acanthurus achilles",24.7,20.1778455595532,0.800377314706621,18.6083751126162,21.7263700637114
"Acanthurus achilles",24.8,20.1778458814782,0.800377791131532,18.6083751149494,21.7263754202954
"Acanthurus achilles",24.9,20.1778461882883,0.800378247056085,18.6083751171023,21.7263805210964
"Acanthurus achilles",25,20.177846480715,0.800378683388366,18.6083751190891,21.7263853783293
"Acanthurus achilles",25.1,20.1778467594531,0.800379100995061,18.6083751209224,21.7263900036258
"Acanthurus achilles",25.2,20.1778470251629,0.800379500703393,18.6083751226141,21.7263944080619
"Acanthurus achilles",25.3,20.1778472784719,0.800379883302976,18.6083751241752,21.7263986021846
"Acanthurus achilles",25.4,20.1778475199766,0.800380249547569,18.6083751256157,21.7264025960374
"Acanthurus achilles",25.5,20.1778477502437,0.800380600156753,18.6083751269451,21.726406399184
"Acanthurus achilles",25.6,20.177847969812,0.800380935817522,18.6083751281717,21.7264100207312
"Acanthurus achilles",25.7,20.1778481791938,0.800381257185804,18.6083751293036,21.7264134693511
"Acanthurus achilles",25.8,20.177848378876,0.800381564887905,18.6083751303482,21.7264167533015
"Acanthurus achilles",25.9,20.1778485693216,0.800381859521883,18.608375131312,21.7264198804459
"Acanthurus achilles",26,20.1778487509708,0.80038214165886,18.6083751322015,21.7264228582723
"Acanthurus achilles",26.1,20.1778489242421,0.800382411844273,18.6083751330222,21.7264256939109
"Acanthurus achilles",26.2,20.1778490895338,0.800382670599055,18.6083751337796,21.7264283941515
"Acanthurus achilles",26.3,20.1778492472244,0.800382918420774,18.6083751344785,21.7264309654597
"Acanthurus achilles",26.4,20.177849397674,0.800383155784707,18.6083751351234,21.7264334139923
"Acanthurus achilles",26.5,20.1778495412252,0.80038338314487,18.6083751357186,21.726435745612
"Acanthurus achilles",26.6,20.1778496782038,0.800383600934995,18.6083751362678,21.7264379659016
"Acanthurus achilles",26.7,20.1778498089198,0.800383809569461,18.6083751367745,21.7264400801772
"Acanthurus achilles",26.8,20.1778499336682,0.800384009444185,18.6083751372422,21.7264420935012
"Acanthurus achilles",26.9,20.1778500527296,0.800384200937465,18.6083751376737,21.7264440106939
"Acanthurus achilles",27,20.1778501663711,0.800384384410791,18.6083751380719,21.7264458363459
"Acanthurus pyroferus",0,4.89500186055111,0.559831348993032,3.79055180281049,6.01509486278862
"Acanthurus pyroferus",0.1,5.81596675020438,0.623662140999247,4.59610528036283,7.07357700221305
"Acanthurus pyroferus",0.2,6.68359764890889,0.686755593841829,5.35052981198163,8.0742044382662
"Acanthurus pyroferus",0.3,7.50107820037585,0.744883441819056,6.06718678301591,9.01868616622731
"Acanthurus pyroferus",0.4,8.27139553357787,0.796285454985573,6.7407377850317,9.90154231958088
"Acanthurus pyroferus",0.5,8.99735286159009,0.840430337412983,7.37989088808009,10.7176379628361
"Acanthurus pyroferus",0.6,9.6815812364184,0.8773978204106,7.99039395914592,11.4812491281752
"Acanthurus pyroferus",0.7,10.3265505193737,0.907569086362318,8.57267309337724,12.1824160655166
"Acanthurus pyroferus",0.8,10.9345796220787,0.931467362726385,9.13083448754557,12.8298442616545
"Acanthurus pyroferus",0.9,11.5078460690834,0.949673485591706,9.66620619817813,13.4436228263025
"Acanthurus pyroferus",1,12.0483949292835,0.962780272237226,10.174172336081,14.006926397549
"Acanthurus pyroferus",1.1,12.5581471598569,0.9713677257902,10.6575812275427,14.5235225260824
"Acanthurus pyroferus",1.2,13.0389074032267,0.975989781832944,11.1203077260423,14.994946668051
"Acanthurus pyroferus",1.3,13.4923712746068,0.977167610010062,11.5736549872996,15.4456472698372
"Acanthurus pyroferus",1.4,13.9201321749618,0.97538669868789,11.994918941492,15.8641140469523
"Acanthurus pyroferus",1.5,14.3236876617006,0.971096133776898,12.399152411729,16.257383095785
"Acanthurus pyroferus",1.6,14.7044454071018,0.964709136798108,12.7830684013507,16.6160593167781
"Acanthurus pyroferus",1.7,15.0637287723294,0.956604300351422,13.1505142854186,16.9583514380917
"Acanthurus pyroferus",1.8,15.4027820229138,0.947127178246335,13.5062553138678,17.2704405941754
"Acanthurus pyroferus",1.9,15.7227752097466,0.936592019798738,13.8427091209243,17.5678255348736
"Acanthurus pyroferus",2,16.0248087379405,0.925283519788707,14.1651545962281,17.8393468235632
"Acanthurus pyroferus",2.1,16.309917644341,0.913458507844574,14.4608214176987,18.0961672809769
"Acanthurus pyroferus",2.2,16.5790756030267,0.901347535357543,14.7511859518291,18.3363569291248
"Acanthurus pyroferus",2.3,16.8331986767873,0.889156341323471,15.0226623703242,18.565927440267
"Acanthurus pyroferus",2.4,17.0731488313284,0.877067194799667,15.2805477964448,18.7748742602307
"Acanthurus pyroferus",2.5,17.2997372277933,0.865240123304243,15.531233391796,18.9877072125899
"Acanthurus pyroferus",2.6,17.5137273081242,0.853814044784401,15.767824963832,19.1770706515493
"Acanthurus pyroferus",2.7,17.715837686791,0.84290782640779,15.9887216051836,19.3554244775286
"Acanthurus pyroferus",2.8,17.9067448614948,0.832621296677165,16.1979779798365,19.5212228395032
"Acanthurus pyroferus",2.9,18.0870857545959,0.823036238328689,16.4060993240765,19.6801140602198
"Acanthurus pyroferus",3,18.2574600962236,0.814217388194401,16.5933487202215,19.8340033182756
"Acanthurus pyroferus",3.1,18.4184326592843,0.806213466796826,16.7732197011205,19.9847455682543
"Acanthurus pyroferus",3.2,18.5705353558999,0.799058255143966,16.9442764471901,20.1234312036921
"Acanthurus pyroferus",3.3,18.7142692041693,0.792771729426993,17.094714713886,20.2482054372242
"Acanthurus pyroferus",3.4,18.850106173553,0.787361256679736,17.2382627547903,20.3700379776085
"Acanthurus pyroferus",3.5,18.9784909166287,0.782822846644697,17.3784101091216,20.4845617373652
"Acanthurus pyroferus",3.6,19.0998423944525,0.779142447844697,17.5043645064853,20.5963929804701
"Acanthurus pyroferus",3.7,19.2145554022811,0.776297269856672,17.6318317757698,20.6989022648808
"Acanthurus pyroferus",3.8,19.3230020019669,0.774257109540871,17.7328555657204,20.8044951449594
"Acanthurus pyroferus",3.9,19.4255328669219,0.772985656786815,17.8415605056117,20.903936933829
"Acanthurus pyroferus",4,19.5224785451613,0.772441755237951,17.939359901174,20.9951871154538
"Acanthurus pyroferus",4.1,19.6141506455769,0.772580595256542,18.029661260665,21.0852969587867
"Acanthurus pyroferus",4.2,19.7008429522552,0.773354819712662,18.1096039665874,21.1736085448043
"Acanthurus pyroferus",4.3,19.7828324713439,0.774715527540458,18.1905503016119,21.2527621298757
"Acanthurus pyroferus",4.4,19.8603804146756,0.776613164884481,18.2608943698996,21.3301180842268
"Acanthurus pyroferus",4.5,19.9337331240898,0.778998298579975,18.326397941523,21.4060828874095
"Acanthurus pyroferus",4.6,20.0031229401372,0.781822271281539,18.3895619252316,21.4777393293335
"Acanthurus pyroferus",4.7,20.0687690186149,0.785037741495914,18.4437428951021,21.5441089367705
"Acanthurus pyroferus",4.8,20.1308780981605,0.788599114925757,18.4978625788319,21.6088895759835
"Acanthurus pyroferus",4.9,20.1896452219263,0.792462875837318,18.5447366319929,21.6693083838045
"Acanthurus pyroferus",5,20.2452544161615,0.796587828655131,18.5874359453877,21.7367068643356
"Acanthurus pyroferus",5.1,20.2978793283524,0.80093526074889,18.6294567051131,21.792123968679
"Acanthurus pyroferus",5.2,20.3476838274001,0.805469037533055,18.6663179681219,21.8447792852515
"Acanthurus pyroferus",5.3,20.3948225681608,0.810155640682429,18.6983802561041,21.8971096841921
"Acanthurus pyroferus",5.4,20.439441522524,0.81496415960827,18.7369662783895,21.9505728244988
"Acanthurus pyroferus",5.5,20.4816784790702,0.819866245457406,18.768459295476,21.9996151327607
"Acanthurus pyroferus",5.6,20.5216635132186,0.824836035890665,18.7943856636361,22.0454146405099
"Acanthurus pyroferus",5.7,20.5595194296571,0.82985005784534,18.8226731832087,22.0931815571644
"Acanthurus pyroferus",5.8,20.5953621787344,0.834887114448117,18.8421608180673,22.1365044374723
"Acanthurus pyroferus",5.9,20.6293012483887,0.839928161260722,18.8644053219833,22.1836005338312
"Acanthurus pyroferus",6,20.6614400330899,0.844956176136446,18.8880055939488,22.2283129258963
"Acanthurus pyroferus",6.1,20.6918761811806,0.849956026155959,18.9080206858876,22.2676871651279
"Acanthurus pyroferus",6.2,20.7207019219145,0.854914334400516,18.926937727563,22.3070266434077
"Acanthurus pyroferus",6.3,20.7480043734114,0.859819348709018,18.9410944893953,22.3414951090312
"Acanthurus pyroferus",6.4,20.7738658326713,0.864660814047024,18.9560138247231,22.3788930015204
"Acanthurus pyroferus",6.5,20.7983640487219,0.869429849683061,18.9744817124953,22.4105526947208
"Acanthurus pyroferus",6.6,20.8215724799048,0.874118832011367,18.9916499620936,22.4431374954843
"Acanthurus pyroferus",6.7,20.8435605362478,0.878721283571036,19.0082355774183,22.4698824846499
"Acanthurus pyroferus",6.8,20.8643938078075,0.883231768580144,19.022903855114,22.495518015342
"Acanthurus pyroferus",6.9,20.8841342798181,0.887645795121058,19.0357385438627,22.5231442308179
"Acanthurus pyroferus",7,20.9028405354269,0.891959723971915,19.0454065126354,22.5558281709503
"Acanthurus pyroferus",7.1,20.9205679467512,0.89617068397198,19.0538922714415,22.5799063549451
"Acanthurus pyroferus",7.2,20.9373688549471,0.900276493729283,19.0608350416536,22.6038919139131
"Acanthurus pyroferus",7.3,20.9532927399377,0.904275589422164,19.0674307951942,22.6251661749608
"Acanthurus pyroferus",7.4,20.9683863804095,0.908166958407692,19.0745371437218,22.6475253511703
"Acanthurus pyroferus",7.5,20.9826940046489,0.911950078325628,19.0810255152469,22.6654195198472
"Acanthurus pyroferus",7.6,20.996257432757,0.915624861373511,19.0870724416247,22.6894529125836
"Acanthurus pyroferus",7.7,21.009116210747,0.919191603424036,19.0916854169751,22.7049966089549
"Acanthurus pyroferus",7.8,21.0213077369984,0.922650937658063,19.0976055341032,22.7251965382866
"Acanthurus pyroferus",7.9,21.0328673815165,0.926003792393611,19.1018987983514,22.7429471431625
"Acanthurus pyroferus",8,21.0438285984139,0.929251352801834,19.1070257001234,22.760423762654
"Acanthurus pyroferus",8.1,21.0542230320106,0.932395026213966,19.1112831191707,22.7760237309652
"Acanthurus pyroferus",8.2,21.0640806169222,0.935436410737901,19.1152445283326,22.7930004821256
"Acanthurus pyroferus",8.3,21.0734296724856,0.938377266918692,19.1190575806652,22.8117740534558
"Acanthurus pyroferus",8.4,21.0822969918509,0.941219492193306,19.1223254031685,22.8282315417755
"Acanthurus pyroferus",8.5,21.0907079260459,0.943965097906077,19.124184539775,22.840562320615
"Acanthurus pyroferus",8.6,21.0986864633064,0.946616188667201,19.1268663971286,22.8559912174499
"Acanthurus pyroferus",8.7,21.1062553039427,0.949174943852085,19.1286891996588,22.8691779630442
"Acanthurus pyroferus",8.8,21.113435931001,0.9516436010542,19.132451208731,22.8811715223576
"Acanthurus pyroferus",8.9,21.1202486769606,0.9540244413183,19.1365317838699,22.8935079863802
"Acanthurus pyroferus",9,21.126712786695,0.956319775994308,19.1388395125874,22.9032287787169
"Acanthurus pyroferus",9.1,21.1328464769105,0.95853193506482,19.1410900894996,22.9142408300145
"Acanthurus pyroferus",9.2,21.1386669922642,0.960663256811062,19.1430917051483,22.9227000105433
"Acanthurus pyroferus",9.3,21.1441906583516,0.962716078693216,19.1450152091171,22.9306531807031
"Acanthurus pyroferus",9.4,21.1494329317416,0.964692729331362,19.148538108642,22.9381189808285
"Acanthurus pyroferus",9.5,21.1544084472271,0.966595521482847,19.1503055691805,22.9486980913976
"Acanthurus pyroferus",9.6,21.1591310624517,0.968426745920772,19.1519456255452,22.9591610967343
"Acanthurus pyroferus",9.7,21.1636139000581,0.970188666126479,19.1557743462666,22.9678976846307
"Acanthurus pyroferus",9.8,21.1678693875018,0.971883513716482,19.1566118120993,22.9782503884627
"Acanthurus pyroferus",9.9,21.1719092946615,0.973513484531244,19.1592003125813,22.985903393331
"Acanthurus pyroferus",10,21.1757447693698,0.975080735319592,19.1598548433416,22.9937657053413
"Acanthurus pyroferus",10.1,21.1793863709833,0.976587380958469,19.1602872063838,23.0007627413207
"Acanthurus pyroferus",10.2,21.182844102102,0.978035492153077,19.1606868371724,23.0081597431435
"Acanthurus pyroferus",10.3,21.1861274385418,0.979427093567456,19.1610562137772,23.0142551969844
"Acanthurus pyroferus",10.4,21.1892453576594,0.980764162340034,19.161397626656,23.0230128886901
"Acanthurus pyroferus",10.5,21.1922063651214,0.982048626942846,19.1622232059343,23.0280207933481
"Acanthurus pyroferus",10.6,21.1950185202058,0.983282366346929,19.1627468958515,23.03450595045
"Acanthurus pyroferus",10.7,21.1976894597163,0.984467209459836,19.1639524146231,23.0412188717873
"Acanthurus pyroferus",10.8,21.2002264205896,0.985604934804403,19.164661599845,23.0471153945111
"Acanthurus pyroferus",10.9,21.2026362612669,0.986697270410791,19.1649885553215,23.0539724552557
"Acanthurus pyroferus",11,21.2049254818989,0.987745893896464,19.1653108883272,23.0580582828605
"Acanthurus pyroferus",11.1,21.2071002434499,0.988752432711174,19.1658589954013,23.0638374614474
"Acanthurus pyroferus",11.2,21.2091663857618,0.989718464526233,19.1661126654028,23.069087882624
"Acanthurus pyroferus",11.3,21.2111294446362,0.990645517749334,19.1669260037413,23.0747746233513
"Acanthurus pyroferus",11.4,21.2129946679882,0.991535072148033,19.1676902557557,23.0795192047424
"Acanthurus pyroferus",11.5,21.2147670311252,0.992388559566657,19.1684083846634,23.0825293962376
"Acanthurus pyroferus",11.6,21.2164512511968,0.993207364722911,19.1690831747444,23.0884152521605
"Acanthurus pyroferus",11.7,21.218051800864,0.993992826071858,19.1697172421504,23.0937046072096
"Acanthurus pyroferus",11.8,21.219572921229,0.994746236726176,19.1703170060307,23.0958213808723
"Acanthurus pyroferus",11.9,21.2210186340671,0.995468845422754,19.1708812692567,23.0980585004117
"Acanthurus pyroferus",12,21.2223927533998,0.99616185752672,19.1714114878409,23.1017797196089
"Acanthurus pyroferus",12.1,21.2236988964443,0.996826436064949,19.1719097160284,23.1040211699385
"Acanthurus pyroferus",12.2,21.2249404939739,0.997463702781923,19.1723778841005,23.1059142218406
"Acanthurus pyroferus",12.3,21.2261208001222,0.998074739211645,19.1728637139292,23.1078802666417
"Acanthurus pyroferus",12.4,21.2272429016613,0.998660587759957,19.1736061312619,23.1097901728709
"Acanthurus pyroferus",12.5,21.2283097267825,0.999222252792301,19.1748364338817,23.112118825355
"Acanthurus pyroferus",12.6,21.2293240534068,0.999760701722509,19.1748750860477,23.1142004067868
"Acanthurus pyroferus",12.7,21.230288517052,1.00027686609874,19.1749108125277,23.1171213486313
"Acanthurus pyroferus",12.8,21.2312056182783,1.0007716426832,19.1749438376583,23.1194941569664
"Acanthurus pyroferus",12.9,21.2320777297378,1.00124589452257,19.1750792918044,23.121544484469
"Acanthurus pyroferus",13,21.2329071028478,1.00170045200673,19.1753604454285,23.1258155175696
"Acanthurus pyroferus",13.1,21.2336958741092,1.00213611391335,19.1756246437847,23.12731897109
"Acanthurus pyroferus",13.2,21.2344460710889,1.0025536484366,19.1758729095995,23.1287874647555
"Acanthurus pyroferus",13.3,21.2351596180844,1.00295379419818,19.1761062038916,23.1303426010127
"Acanthurus pyroferus",13.4,21.2358383414884,1.00333726123949,19.1763254296965,23.1317634399635
"Acanthurus pyroferus",13.5,21.2364839748688,1.00370473199359,19.1765314355666,23.1324211767771
"Acanthurus pyroferus",13.6,21.2370981637796,1.00405686223617,19.1767250188593,23.1335484487893
"Acanthurus pyroferus",13.7,21.2376824703184,1.00439428201463,19.1769069288267,23.1346325415194
"Acanthurus pyroferus",13.8,21.2382383774422,1.00471759655485,19.1770778695192,23.1360255642819
"Acanthurus pyroferus",13.9,21.2387672930562,1.00502738714505,19.1772385025131,23.1380517369659
"Acanthurus pyroferus",14,21.2392705538872,1.00532421199647,19.177389449474,23.1393425573349
"Acanthurus pyroferus",14.1,21.2397494291529,1.00560860708077,19.1775312945654,23.1405746835878
"Acanthurus pyroferus",14.2,21.2402051240383,1.00588108694392,19.1776645867115,23.1419568924852
"Acanthurus pyroferus",14.3,21.2406387829898,1.00614214549667,19.1777898417236,23.1436051564312
"Acanthurus pyroferus",14.4,21.2410514928361,1.00639225678162,19.1779075442987,23.1443372630495
"Acanthurus pyroferus",14.5,21.2414442857465,1.00663187571712,19.1780181498965,23.1451164259319
"Acanthurus pyroferus",14.6,21.241818142033,1.00686143881815,19.1781220865033,23.1464634956134
"Acanthurus pyroferus",14.7,21.2421739928069,1.00708136489442,19.1782197562905,23.1489519465031
"Acanthurus pyroferus",14.8,21.2425127224965,1.00729205572612,19.1783115371713,23.1496287080927
"Acanthurus pyroferus",14.9,21.2428351712334,1.00749389671751,19.1783977842647,23.1501316745302
"Acanthurus pyroferus",15,21.243142137114,1.0076872575289,19.1784788312708,23.1512396492843
"Acanthurus pyroferus",15.1,21.2434343783441,1.00787249268727,19.1785549917628,23.1516489007475
"Acanthurus pyroferus",15.2,21.2437126152711,1.00804994217619,19.1786265604012,23.1520107715397
"Acanthurus pyroferus",15.3,21.2439775323116,1.00821993200517,19.1786938140752,23.1523503473391
"Acanthurus pyroferus",15.4,21.2442297797781,1.00838277475927,19.1787570129744,23.152760367166
"Acanthurus pyroferus",15.5,21.2444699756115,1.00853877012921,19.1788164015962,23.1534699223665
"Acanthurus pyroferus",15.6,21.2446987070235,1.00868820542256,19.1788722096927,23.1544837248222
"Acanthurus pyroferus",15.7,21.244916532055,1.00883135605648,19.1789246531601,23.1548263088001
"Acanthurus pyroferus",15.8,21.2451239810526,1.00896848603262,19.1789739348741,23.1560287336014
"Acanthurus pyroferus",15.9,21.2453215580698,1.00909984839447,19.1790202454762,23.1572080061425
"Acanthurus pyroferus",16,21.2455097421958,1.00922568566788,19.1790637641106,23.1583158638536
"Acanthurus pyroferus",16.1,21.245688988816,1.00934623028515,19.1791046591186,23.1592670406003
"Acanthurus pyroferus",16.2,21.2458597308069,1.00946170499322,19.1791430886897,23.1594905066351
"Acanthurus pyroferus",16.3,21.2460223796707,1.00957232324636,19.179179201474,23.1597028353489
"Acanthurus pyroferus",16.4,21.2461773266105,1.00967828958404,19.1792131371577,23.1599008519348
"Acanthurus pyroferus",16.5,21.2463249435517,1.00977979999426,19.1792450270036,23.160723539134
"Acanthurus pyroferus",16.6,21.2464655841092,1.00987704226295,19.1792749943594,23.1617692967693
"Acanthurus pyroferus",16.7,21.2465995845072,1.00997019630983,19.1793031551348,23.1627742896432
"Acanthurus pyroferus",16.8,21.2467272644503,1.01005943451124,19.17932961825,23.1634429021713
"Acanthurus pyroferus",16.9,21.2468489279509,1.01014492201032,19.1793544860577,23.1637284729936
"Acanthurus pyroferus",17,21.2469648641144,1.01022681701507,19.1793778547388,23.1639949680659
"Acanthurus pyroferus",17.1,21.2470753478838,1.01030527108461,19.1793998146748,23.1642369358004
"Acanthurus pyroferus",17.2,21.2471806407471,1.01038042940418,19.1794204507975,23.1644675437927
"Acanthurus pyroferus",17.3,21.2472809914083,1.01045243104911,19.1794398429174,23.1646873253799
"Acanthurus pyroferus",17.4,21.2473766364243,1.01052140923835,19.1794580660331,23.1648967888574
"Acanthurus pyroferus",17.5,21.2474678008095,1.01058749157785,19.1794751906209,23.1650964186554
"Acanthurus pyroferus",17.6,21.2475546986101,1.01065080029412,19.179491282908,23.1662301625347
"Acanthurus pyroferus",17.7,21.2476375334483,1.01071145245839,19.1795064051282,23.1663694965012
"Acanthurus pyroferus",17.8,21.2477164990405,1.01076956020174,19.1795206157634,23.1667628145154
"Acanthurus pyroferus",17.9,21.2477917796876,1.01082523092149,19.1795339697692,23.1673359557087
"Acanthurus pyroferus",18,21.2478635507421,1.01087856747923,19.179546518788,23.1677560185076
"Acanthurus pyroferus",18.1,21.2479319790501,1.01092966839071,19.1795583113483,23.1677957548243
"Acanthurus pyroferus",18.2,21.2479972233727,1.01097862800808,19.1795693930531,23.1678281645632
"Acanthurus pyroferus",18.3,21.2480594347842,1.01102553669453,19.1795798067557,23.1678587865198
"Acanthurus pyroferus",18.4,21.2481187570526,1.01107048099194,19.1795895927261,23.1678877196031
"Acanthurus pyroferus",18.5,21.2481753269984,1.01111354378142,19.1795987888061,23.1679150572359
"Acanthurus pyroferus",18.6,21.2482292748378,1.01115480443745,19.1796074305562,23.16794088766
"Acanthurus pyroferus",18.7,21.2482807245069,1.01119433897548,19.179615551393,23.1681877665798
"Acanthurus pyroferus",18.8,21.2483297939706,1.01123222019354,19.1796231827185,23.1685098756163
"Acanthurus pyroferus",18.9,21.2483765955157,1.01126851780787,19.1796303540415,23.1688188521137
"Acanthurus pyroferus",19,21.2484212360295,1.01130329858307,19.1796370930919,23.1691152315916
