species,fish,agei,radi,lencap,radcap,agecap,L0p
AC_AC,AC_AC_SC_03_16_001_D,0,0.014,182.435,1.07659108114909,27,1.7
AC_AC,AC_AC_SC_03_16_001_D,1,0.401479502866136,182.435,1.07659108114909,27,1.7
AC_AC,AC_AC_SC_03_16_001_D,2,0.45699752129099,182.435,1.07659108114909,27,1.7
AC_AC,AC_AC_SC_03_16_001_D,3,0.497228257324887,182.435,1.07659108114909,27,1.7
AC_AC,AC_AC_SC_03_16_001_D,4,0.533512305619068,182.435,1.07659108114909,27,1.7
AC_AC,AC_AC_SC_03_16_001_D,5,0.557413744393526,182.435,1.07659108114909,27,1.7
AC_AC,AC_AC_SC_03_16_001_D,6,0.577822076025485,182.435,1.07659108114909,27,1.7
AC_AC,AC_AC_SC_03_16_001_D,7,0.606328831548806,182.435,1.07659108114909,27,1.7
AC_AC,AC_AC_SC_03_16_001_D,8,0.633834195224624,182.435,1.07659108114909,27,1.7
AC_AC,AC_AC_SC_03_16_001_D,9,0.65553632261755,182.435,1.07659108114909,27,1.7
AC_AC,AC_AC_SC_03_16_001_D,10,0.681746783419368,182.435,1.07659108114909,27,1.7
AC_AC,AC_AC_SC_03_16_001_D,11,0.706612155701015,182.435,1.07659108114909,27,1.7
AC_AC,AC_AC_SC_03_16_001_D,12,0.728321059161422,182.435,1.07659108114909,27,1.7
AC_AC,AC_AC_SC_03_16_001_D,13,0.755540267841155,182.435,1.07659108114909,27,1.7
AC_AC,AC_AC_SC_03_16_001_D,14,0.782776636479441,182.435,1.07659108114909,27,1.7
AC_AC,AC_AC_SC_03_16_001_D,15,0.803083301847122,182.435,1.07659108114909,27,1.7
AC_AC,AC_AC_SC_03_16_001_D,16,0.825106064301158,182.435,1.07659108114909,27,1.7
AC_AC,AC_AC_SC_03_16_001_D,17,0.847197534501071,182.435,1.07659108114909,27,1.7
AC_AC,AC_AC_SC_03_16_001_D,18,0.868354769726337,182.435,1.07659108114909,27,1.7
AC_AC,AC_AC_SC_03_16_001_D,19,0.887975249632795,182.435,1.07659108114909,27,1.7
AC_AC,AC_AC_SC_03_16_001_D,20,0.910822949900823,182.435,1.07659108114909,27,1.7
AC_AC,AC_AC_SC_03_16_001_D,21,0.932879668690783,182.435,1.07659108114909,27,1.7
AC_AC,AC_AC_SC_03_16_001_D,22,0.95376865761373,182.435,1.07659108114909,27,1.7
AC_AC,AC_AC_SC_03_16_001_D,23,0.978868331928942,182.435,1.07659108114909,27,1.7
AC_AC,AC_AC_SC_03_16_001_D,24,0.99799408432568,182.435,1.07659108114909,27,1.7
AC_AC,AC_AC_SC_03_16_001_D,25,1.01664539264454,182.435,1.07659108114909,27,1.7
AC_AC,AC_AC_SC_03_16_001_D,26,1.03429060908402,182.435,1.07659108114909,27,1.7
AC_AC,AC_AC_SC_03_16_001_D,27,1.05683400546464,182.435,1.07659108114909,27,1.7
AC_AC,AC_AC_SC_03_16_002_D,0,,175.274,0.793880902516876,13,1.7
AC_AC,AC_AC_SC_03_16_002_D,1,0.401615454200662,175.274,0.793880902516876,13,1.7
AC_AC,AC_AC_SC_03_16_002_D,2,0.456657606592671,175.274,0.793880902516876,13,1.7
AC_AC,AC_AC_SC_03_16_002_D,3,0.498832204210316,175.274,0.793880902516876,13,1.7
AC_AC,AC_AC_SC_03_16_002_D,4,0.551514434756557,175.274,0.793880902516876,13,1.7
AC_AC,AC_AC_SC_03_16_002_D,5,0.583719424200168,175.274,0.793880902516876,13,1.7
AC_AC,AC_AC_SC_03_16_002_D,6,0.611977189969202,175.274,0.793880902516876,13,1.7
AC_AC,AC_AC_SC_03_16_002_D,7,0.64151810848779,175.274,0.793880902516876,13,1.7
AC_AC,AC_AC_SC_03_16_002_D,8,0.668825201382751,175.274,0.793880902516876,13,1.7
AC_AC,AC_AC_SC_03_16_002_D,9,0.697202488209226,175.274,0.793880902516876,13,1.7
AC_AC,AC_AC_SC_03_16_002_D,10,0.721003535261973,175.274,0.793880902516876,13,1.7
AC_AC,AC_AC_SC_03_16_002_D,11,0.743011891230762,175.274,0.793880902516876,13,1.7
AC_AC,AC_AC_SC_03_16_002_D,12,0.760598873328132,175.274,0.793880902516876,13,1.7
AC_AC,AC_AC_SC_03_16_002_D,13,0.77326394459222,175.274,0.793880902516876,13,1.7
AC_AC,AC_AC_SC_03_16_003_D,0,0.013,157.674,0.753147276296385,14,1.7
AC_AC,AC_AC_SC_03_16_003_D,1,0.321384057479601,157.674,0.753147276296385,14,1.7
AC_AC,AC_AC_SC_03_16_003_D,2,0.397531302397377,157.674,0.753147276296385,14,1.7
AC_AC,AC_AC_SC_03_16_003_D,3,0.438139206673181,157.674,0.753147276296385,14,1.7
AC_AC,AC_AC_SC_03_16_003_D,4,0.479887673925616,157.674,0.753147276296385,14,1.7
AC_AC,AC_AC_SC_03_16_003_D,5,0.506989391567868,157.674,0.753147276296385,14,1.7
AC_AC,AC_AC_SC_03_16_003_D,6,0.535645066651628,157.674,0.753147276296385,14,1.7
AC_AC,AC_AC_SC_03_16_003_D,7,0.568988757505947,157.674,0.753147276296385,14,1.7
AC_AC,AC_AC_SC_03_16_003_D,8,0.597491574426387,157.674,0.753147276296385,14,1.7
AC_AC,AC_AC_SC_03_16_003_D,9,0.623530794598635,157.674,0.753147276296385,14,1.7
AC_AC,AC_AC_SC_03_16_003_D,10,0.64576016063554,157.674,0.753147276296385,14,1.7
AC_AC,AC_AC_SC_03_16_003_D,11,0.667943202460323,157.674,0.753147276296385,14,1.7
AC_AC,AC_AC_SC_03_16_003_D,12,0.689352768179954,157.674,0.753147276296385,14,1.7
AC_AC,AC_AC_SC_03_16_003_D,13,0.71251287807883,157.674,0.753147276296385,14,1.7
AC_AC,AC_AC_SC_03_16_003_D,14,0.732718785613838,157.674,0.753147276296385,14,1.7
AC_AC,AC_AC_SC_03_16_004_D,0,,165.455,0.649895684400635,7,1.7
AC_AC,AC_AC_SC_03_16_004_D,1,0.341990172605408,165.455,0.649895684400635,7,1.7
AC_AC,AC_AC_SC_03_16_004_D,2,0.421189459034253,165.455,0.649895684400635,7,1.7
AC_AC,AC_AC_SC_03_16_004_D,3,0.473093203382525,165.455,0.649895684400635,7,1.7
AC_AC,AC_AC_SC_03_16_004_D,4,0.522416741707002,165.455,0.649895684400635,7,1.7
AC_AC,AC_AC_SC_03_16_004_D,5,0.553755447128953,165.455,0.649895684400635,7,1.7
AC_AC,AC_AC_SC_03_16_004_D,6,0.589941696350802,165.455,0.649895684400635,7,1.7
AC_AC,AC_AC_SC_03_16_004_D,7,0.620663445913947,165.455,0.649895684400635,7,1.7
AC_AC,AC_AC_SC_03_16_005_D,0,0.022,164.869,0.624244797757652,6,1.7
AC_AC,AC_AC_SC_03_16_005_D,1,0.341151705662979,164.869,0.624244797757652,6,1.7
AC_AC,AC_AC_SC_03_16_005_D,2,0.406190068322985,164.869,0.624244797757652,6,1.7
AC_AC,AC_AC_SC_03_16_005_D,3,0.460897503572176,164.869,0.624244797757652,6,1.7
AC_AC,AC_AC_SC_03_16_005_D,4,0.507737776210304,164.869,0.624244797757652,6,1.7
AC_AC,AC_AC_SC_03_16_005_D,5,0.553422934827954,164.869,0.624244797757652,6,1.7
AC_AC,AC_AC_SC_03_16_005_D,6,0.596629527217049,164.869,0.624244797757652,6,1.7
AC_AC,AC_AC_SC_03_16_006_D,0,0.019,153.193,0.576041279666505,4,1.7
AC_AC,AC_AC_SC_03_16_006_D,1,0.423110058421852,153.193,0.576041279666505,4,1.7
AC_AC,AC_AC_SC_03_16_006_D,2,0.468111891224478,153.193,0.576041279666505,4,1.7
AC_AC,AC_AC_SC_03_16_006_D,3,0.512566123929193,153.193,0.576041279666505,4,1.7
AC_AC,AC_AC_SC_03_16_006_D,4,0.548967182100628,153.193,0.576041279666505,4,1.7
AC_AC,AC_AC_SC_03_16_007,0,,152.698,0.768952585680957,13,1.7
AC_AC,AC_AC_SC_03_16_007,1,0.372788505311744,152.698,0.768952585680957,13,1.7
AC_AC,AC_AC_SC_03_16_007,2,0.439030616716932,152.698,0.768952585680957,13,1.7
AC_AC,AC_AC_SC_03_16_007,3,0.47943430846342,152.698,0.768952585680957,13,1.7
AC_AC,AC_AC_SC_03_16_007,4,0.502262805508052,152.698,0.768952585680957,13,1.7
AC_AC,AC_AC_SC_03_16_007,5,0.530939926642278,152.698,0.768952585680957,13,1.7
AC_AC,AC_AC_SC_03_16_007,6,0.566074089990734,152.698,0.768952585680957,13,1.7
AC_AC,AC_AC_SC_03_16_007,7,0.594437112542187,152.698,0.768952585680957,13,1.7
AC_AC,AC_AC_SC_03_16_007,8,0.622511925973868,152.698,0.768952585680957,13,1.7
AC_AC,AC_AC_SC_03_16_007,9,0.650732284849379,152.698,0.768952585680957,13,1.7
AC_AC,AC_AC_SC_03_16_007,10,0.677312151208379,152.698,0.768952585680957,13,1.7
AC_AC,AC_AC_SC_03_16_007,11,0.706199371943668,152.698,0.768952585680957,13,1.7
AC_AC,AC_AC_SC_03_16_007,12,0.724383196781756,152.698,0.768952585680957,13,1.7
AC_AC,AC_AC_SC_03_16_007,13,0.7476480174278,152.698,0.768952585680957,13,1.7
AC_AC,AC_AC_SC_03_16_008_D,0,0.016,156.886,0.644019603226971,14,1.7
AC_AC,AC_AC_SC_03_16_008_D,1,0.304837198486132,156.886,0.644019603226971,14,1.7
AC_AC,AC_AC_SC_03_16_008_D,2,0.35492321957436,156.886,0.644019603226971,14,1.7
AC_AC,AC_AC_SC_03_16_008_D,3,0.396160785649263,156.886,0.644019603226971,14,1.7
AC_AC,AC_AC_SC_03_16_008_D,4,0.434240562973925,156.886,0.644019603226971,14,1.7
AC_AC,AC_AC_SC_03_16_008_D,5,0.462938672214164,156.886,0.644019603226971,14,1.7
AC_AC,AC_AC_SC_03_16_008_D,6,0.481637882937046,156.886,0.644019603226971,14,1.7
AC_AC,AC_AC_SC_03_16_008_D,7,0.497985780641197,156.886,0.644019603226971,14,1.7
AC_AC,AC_AC_SC_03_16_008_D,8,0.521044483256615,156.886,0.644019603226971,14,1.7
AC_AC,AC_AC_SC_03_16_008_D,9,0.54399731939121,156.886,0.644019603226971,14,1.7
AC_AC,AC_AC_SC_03_16_008_D,10,0.565233472953917,156.886,0.644019603226971,14,1.7
AC_AC,AC_AC_SC_03_16_008_D,11,0.58253860618222,156.886,0.644019603226971,14,1.7
AC_AC,AC_AC_SC_03_16_008_D,12,0.600504578481781,156.886,0.644019603226971,14,1.7
AC_AC,AC_AC_SC_03_16_008_D,14,0.644019603226971,156.886,0.644019603226971,14,1.7
AC_AC,AC_AC_SC_03_16_009_D,0,0.015,146.444,0.485565711590044,2,1.7
AC_AC,AC_AC_SC_03_16_009_D,1,0.411777450980125,146.444,0.485565711590044,2,1.7
AC_AC,AC_AC_SC_03_16_009_D,2,0.452171789162282,146.444,0.485565711590044,2,1.7
AC_AC,AC_AC_SC_03_16_010,0,0.01,147.615,0.525556771999674,4,1.7
AC_AC,AC_AC_SC_03_16_010,1,0.377307566846996,147.615,0.525556771999674,4,1.7
AC_AC,AC_AC_SC_03_16_010,2,0.436248214960161,147.615,0.525556771999674,4,1.7
AC_AC,AC_AC_SC_03_16_010,3,0.485289014301118,147.615,0.525556771999674,4,1.7
AC_AC,AC_AC_SC_03_16_010,4,0.508092522803101,147.615,0.525556771999674,4,1.7
AC_TR,AC_TR_MO_03_16_006,0,0.026,154.85,0.652383515062547,10,1.7
AC_TR,AC_TR_MO_03_16_006,1,0.214674011407052,154.85,0.652383515062547,10,1.7
AC_TR,AC_TR_MO_03_16_006,2,0.305401778808675,154.85,0.652383515062547,10,1.7
AC_TR,AC_TR_MO_03_16_006,3,0.374757475087528,154.85,0.652383515062547,10,1.7
AC_TR,AC_TR_MO_03_16_006,4,0.411092677060195,154.85,0.652383515062547,10,1.7
AC_TR,AC_TR_MO_03_16_006,5,0.448163254333577,154.85,0.652383515062547,10,1.7
AC_TR,AC_TR_MO_03_16_006,6,0.478429905453905,154.85,0.652383515062547,10,1.7
AC_TR,AC_TR_MO_03_16_006,7,0.511327711000116,154.85,0.652383515062547,10,1.7
AC_TR,AC_TR_MO_03_16_006,8,0.555186452301769,154.85,0.652383515062547,10,1.7
AC_TR,AC_TR_MO_03_16_006,9,0.585228956574788,154.85,0.652383515062547,10,1.7
AC_TR,AC_TR_MO_03_16_006,10,0.623706937585067,154.85,0.652383515062547,10,1.7
AC_TR,AC_TR_MO_03_16_007_D,0,,146.82,0.7211212320761,12,1.7
AC_TR,AC_TR_MO_03_16_007_D,1,0.233553223385118,146.82,0.7211212320761,12,1.7
AC_TR,AC_TR_MO_03_16_007_D,2,0.28644176504875,146.82,0.7211212320761,12,1.7
AC_TR,AC_TR_MO_03_16_007_D,3,0.312434641152728,146.82,0.7211212320761,12,1.7
AC_TR,AC_TR_MO_03_16_007_D,4,0.347121144095903,146.82,0.7211212320761,12,1.7
AC_TR,AC_TR_MO_03_16_007_D,5,0.393073500609038,146.82,0.7211212320761,12,1.7
AC_TR,AC_TR_MO_03_16_007_D,6,0.44381956560515,146.82,0.7211212320761,12,1.7
AC_TR,AC_TR_MO_03_16_007_D,7,0.480404030257328,146.82,0.7211212320761,12,1.7
AC_TR,AC_TR_MO_03_16_007_D,8,0.521518228075242,146.82,0.7211212320761,12,1.7
AC_TR,AC_TR_MO_03_16_007_D,9,0.565145717328726,146.82,0.7211212320761,12,1.7
AC_TR,AC_TR_MO_03_16_007_D,10,0.606349337941267,146.82,0.7211212320761,12,1.7
AC_TR,AC_TR_MO_03_16_007_D,11,0.645933528728449,146.82,0.7211212320761,12,1.7
AC_TR,AC_TR_MO_03_16_007_D,12,0.679608791508359,146.82,0.7211212320761,12,1.7
AC_TR,AC_TR_MO_03_16_008,0,,123.676,0.512516957906156,4,1.7
AC_TR,AC_TR_MO_03_16_008,1,0.273185982311919,123.676,0.512516957906156,4,1.7
AC_TR,AC_TR_MO_03_16_008,2,0.375544552327999,123.676,0.512516957906156,4,1.7
AC_TR,AC_TR_MO_03_16_008,3,0.425559205383528,123.676,0.512516957906156,4,1.7
AC_TR,AC_TR_MO_03_16_008,4,0.474171722846298,123.676,0.512516957906156,4,1.7
AC_TR,AC_TR_MO_03_16_009,0,,137.536,0.523854494940613,8,1.7
AC_TR,AC_TR_MO_03_16_009,1,0.278214846786522,137.536,0.523854494940613,8,1.7
AC_TR,AC_TR_MO_03_16_009,2,0.322499238312351,137.536,0.523854494940613,8,1.7
AC_TR,AC_TR_MO_03_16_009,3,0.358503462749141,137.536,0.523854494940613,8,1.7
AC_TR,AC_TR_MO_03_16_009,4,0.389154169229401,137.536,0.523854494940613,8,1.7
AC_TR,AC_TR_MO_03_16_009,5,0.414733234457634,137.536,0.523854494940613,8,1.7
AC_TR,AC_TR_MO_03_16_009,6,0.44681539924101,137.536,0.523854494940613,8,1.7
AC_TR,AC_TR_MO_03_16_009,7,0.473977271405098,137.536,0.523854494940613,8,1.7
AC_TR,AC_TR_MO_03_16_009,8,0.495487683554562,137.536,0.523854494940613,8,1.7
AC_TR,AC_TR_MO_03_16_010_D,0,0.017,137.86,0.631231912222812,10,1.7
AC_TR,AC_TR_MO_03_16_010_D,1,0.295355904697564,137.86,0.631231912222812,10,1.7
AC_TR,AC_TR_MO_03_16_010_D,2,0.357824742564239,137.86,0.631231912222812,10,1.7
AC_TR,AC_TR_MO_03_16_010_D,3,0.397903235274757,137.86,0.631231912222812,10,1.7
AC_TR,AC_TR_MO_03_16_010_D,4,0.441057202341979,137.86,0.631231912222812,10,1.7
AC_TR,AC_TR_MO_03_16_010_D,5,0.478642565934907,137.86,0.631231912222812,10,1.7
AC_TR,AC_TR_MO_03_16_010_D,6,0.506678234782525,137.86,0.631231912222812,10,1.7
AC_TR,AC_TR_MO_03_16_010_D,7,0.541019447246813,137.86,0.631231912222812,10,1.7
AC_TR,AC_TR_MO_03_16_010_D,8,0.575555975012751,137.86,0.631231912222812,10,1.7
AC_TR,AC_TR_MO_03_16_010_D,10,0.631231912222812,137.86,0.631231912222812,10,1.7
AC_TR,AC_TR_MO_03_16_011_D,0,,118.565,0.370572164853279,2,1.7
AC_TR,AC_TR_MO_03_16_011_D,1,0.296607956086607,118.565,0.370572164853279,2,1.7
AC_TR,AC_TR_MO_03_16_011_D,2,0.337466218765774,118.565,0.370572164853279,2,1.7
AC_TR,AC_TR_MO_03_16_012_D,0,0.021,146.825,0.675907224995912,9,1.7
AC_TR,AC_TR_MO_03_16_012_D,1,0.26073407867459,146.825,0.675907224995912,9,1.7
AC_TR,AC_TR_MO_03_16_012_D,2,0.35936285149103,146.825,0.675907224995912,9,1.7
AC_TR,AC_TR_MO_03_16_012_D,3,0.413471756227111,146.825,0.675907224995912,9,1.7
AC_TR,AC_TR_MO_03_16_012_D,4,0.465436401857949,146.825,0.675907224995912,9,1.7
AC_TR,AC_TR_MO_03_16_012_D,5,0.51320637284373,146.825,0.675907224995912,9,1.7
AC_TR,AC_TR_MO_03_16_012_D,6,0.556014317597028,146.825,0.675907224995912,9,1.7
AC_TR,AC_TR_MO_03_16_012_D,7,0.595920554006456,146.825,0.675907224995912,9,1.7
AC_TR,AC_TR_MO_03_16_012_D,8,0.633589543378247,146.825,0.675907224995912,9,1.7
AC_TR,AC_TR_MO_03_16_012_D,9,0.659330274064651,146.825,0.675907224995912,9,1.7
AC_TR,AC_TR_MO_03_16_013_D,0,0.017,153.409,0.61621400279928,10,1.7
AC_TR,AC_TR_MO_03_16_013_D,1,0.286587531915638,153.409,0.61621400279928,10,1.7
AC_TR,AC_TR_MO_03_16_013_D,2,0.326998180168187,153.409,0.61621400279928,10,1.7
AC_TR,AC_TR_MO_03_16_013_D,3,0.37320951095522,153.409,0.61621400279928,10,1.7
AC_TR,AC_TR_MO_03_16_013_D,4,0.415809362142473,153.409,0.61621400279928,10,1.7
AC_TR,AC_TR_MO_03_16_013_D,5,0.454273435451559,153.409,0.61621400279928,10,1.7
AC_TR,AC_TR_MO_03_16_013_D,6,0.480904145334675,153.409,0.61621400279928,10,1.7
AC_TR,AC_TR_MO_03_16_013_D,7,0.504188436690163,153.409,0.61621400279928,10,1.7
AC_TR,AC_TR_MO_03_16_013_D,8,0.52801940654866,153.409,0.61621400279928,10,1.7
AC_TR,AC_TR_MO_03_16_013_D,9,0.558468065005845,153.409,0.61621400279928,10,1.7
AC_TR,AC_TR_MO_03_16_013_D,10,0.589243196905634,153.409,0.61621400279928,10,1.7
AC_TR,AC_TR_MO_03_16_014,0,,142.726,0.826629597386159,11,1.7
AC_TR,AC_TR_MO_03_16_014,1,0.30778187837661,142.726,0.826629597386159,11,1.7
AC_TR,AC_TR_MO_03_16_014,2,0.393055237454412,142.726,0.826629597386159,11,1.7
AC_TR,AC_TR_MO_03_16_014,3,0.457821395169558,142.726,0.826629597386159,11,1.7
AC_TR,AC_TR_MO_03_16_014,4,0.515227507436646,142.726,0.826629597386159,11,1.7
AC_TR,AC_TR_MO_03_16_014,5,0.561758346162513,142.726,0.826629597386159,11,1.7
AC_TR,AC_TR_MO_03_16_014,6,0.604771034944306,142.726,0.826629597386159,11,1.7
AC_TR,AC_TR_MO_03_16_014,7,0.644598509475504,142.726,0.826629597386159,11,1.7
AC_TR,AC_TR_MO_03_16_014,8,0.693933930176657,142.726,0.826629597386159,11,1.7
AC_TR,AC_TR_MO_03_16_014,9,0.728997054354655,142.726,0.826629597386159,11,1.7
AC_TR,AC_TR_MO_03_16_014,10,0.76491166397142,142.726,0.826629597386159,11,1.7
AC_TR,AC_TR_MO_03_16_014,11,0.80150814660216,142.726,0.826629597386159,11,1.7
AC_TR,AC_TR_MO_03_16_015,0,0.022,126.488,0.58256945855283,9,1.7
AC_TR,AC_TR_MO_03_16_015,1,0.256888136756508,126.488,0.58256945855283,9,1.7
AC_TR,AC_TR_MO_03_16_015,2,0.323515092873922,126.488,0.58256945855283,9,1.7
AC_TR,AC_TR_MO_03_16_015,3,0.35861544369474,126.488,0.58256945855283,9,1.7
AC_TR,AC_TR_MO_03_16_015,4,0.392714992372692,126.488,0.58256945855283,9,1.7
AC_TR,AC_TR_MO_03_16_015,5,0.424357127996423,126.488,0.58256945855283,9,1.7
AC_TR,AC_TR_MO_03_16_015,6,0.464967659438966,126.488,0.58256945855283,9,1.7
AC_TR,AC_TR_MO_03_16_015,7,0.497960744021642,126.488,0.58256945855283,9,1.7
AC_TR,AC_TR_MO_03_16_015,8,0.530399121416017,126.488,0.58256945855283,9,1.7
AC_TR,AC_TR_MO_03_16_015,9,0.55649219512642,126.488,0.58256945855283,9,1.7
AC_TR,AC_TR_MO_03_16_016,0,,136.316,0.649249157044592,11,1.7
AC_TR,AC_TR_MO_03_16_016,1,0.280877174404433,136.316,0.649249157044592,11,1.7
AC_TR,AC_TR_MO_03_16_016,2,0.353401720932489,136.316,0.649249157044592,11,1.7
AC_TR,AC_TR_MO_03_16_016,3,0.406993677310722,136.316,0.649249157044592,11,1.7
AC_TR,AC_TR_MO_03_16_016,4,0.446092729155128,136.316,0.649249157044592,11,1.7
AC_TR,AC_TR_MO_03_16_016,5,0.476537259912368,136.316,0.649249157044592,11,1.7
AC_TR,AC_TR_MO_03_16_016,6,0.504240402085547,136.316,0.649249157044592,11,1.7
AC_TR,AC_TR_MO_03_16_016,7,0.532858044787763,136.316,0.649249157044592,11,1.7
AC_TR,AC_TR_MO_03_16_016,8,0.554996251218587,136.316,0.649249157044592,11,1.7
AC_TR,AC_TR_MO_03_16_016,9,0.576902738544376,136.316,0.649249157044592,11,1.7
AC_TR,AC_TR_MO_03_16_016,10,0.600804492795367,136.316,0.649249157044592,11,1.7
AC_TR,AC_TR_MO_03_16_016,11,0.623575098507462,136.316,0.649249157044592,11,1.7
CE_FL,CE_FL_MO_03_16_001,0,0.011,79.81,0.654262943888166,7,1.95
CE_FL,CE_FL_MO_03_16_001,1,0.393117030920819,79.81,0.654262943888166,7,1.95
CE_FL,CE_FL_MO_03_16_001,2,0.456678025249101,79.81,0.654262943888166,7,1.95
CE_FL,CE_FL_MO_03_16_001,3,0.493732039876399,79.81,0.654262943888166,7,1.95
CE_FL,CE_FL_MO_03_16_001,4,0.533931542360883,79.81,0.654262943888166,7,1.95
CE_FL,CE_FL_MO_03_16_001,5,0.565076365365678,79.81,0.654262943888166,7,1.95
CE_FL,CE_FL_MO_03_16_001,6,0.603089520983174,79.81,0.654262943888166,7,1.95
CE_FL,CE_FL_MO_03_16_001,7,0.633239147846537,79.81,0.654262943888166,7,1.95
CE_FL,CE_FL_MO_03_16_002,0,0.008,78.136,0.565390359645805,6,1.95
CE_FL,CE_FL_MO_03_16_002,1,0.348264267475146,78.136,0.565390359645805,6,1.95
CE_FL,CE_FL_MO_03_16_002,2,0.418042487572824,78.136,0.565390359645805,6,1.95
CE_FL,CE_FL_MO_03_16_002,3,0.448848331174323,78.136,0.565390359645805,6,1.95
CE_FL,CE_FL_MO_03_16_002,4,0.488307170488221,78.136,0.565390359645805,6,1.95
CE_FL,CE_FL_MO_03_16_002,5,0.519307170488221,78.136,0.565390359645805,6,1.95
CE_FL,CE_FL_MO_03_16_002,6,0.543390359645805,78.136,0.565390359645805,6,1.95
CE_FL,CE_FL_MO_03_16_003,0,,78.555,0.5131157635042,4,1.95
CE_FL,CE_FL_MO_03_16_003,1,0.312846607780874,78.555,0.5131157635042,4,1.95
CE_FL,CE_FL_MO_03_16_003,2,0.401084921454697,78.555,0.5131157635042,4,1.95
CE_FL,CE_FL_MO_03_16_003,3,0.445862147809173,78.555,0.5131157635042,4,1.95
CE_FL,CE_FL_MO_03_16_003,4,0.484462665940411,78.555,0.5131157635042,4,1.95
CE_FL,CE_FL_MO_03_16_004,0,,70.814,0.604182684257658,4,1.95
CE_FL,CE_FL_MO_03_16_004,1,0.413324327858886,70.814,0.604182684257658,4,1.95
CE_FL,CE_FL_MO_03_16_004,2,0.482786547806135,70.814,0.604182684257658,4,1.95
CE_FL,CE_FL_MO_03_16_004,3,0.528327737953078,70.814,0.604182684257658,4,1.95
CE_FL,CE_FL_MO_03_16_004,4,0.565543326084935,70.814,0.604182684257658,4,1.95
CE_FL,CE_FL_MO_03_16_005_D,0,0.013,62.237,0.542850517026843,7,1.95
CE_FL,CE_FL_MO_03_16_005_D,1,0.331126863905664,62.237,0.542850517026843,7,1.95
CE_FL,CE_FL_MO_03_16_005_D,2,0.36886278843389,62.237,0.542850517026843,7,1.95
CE_FL,CE_FL_MO_03_16_005_D,3,0.412048434197269,62.237,0.542850517026843,7,1.95
CE_FL,CE_FL_MO_03_16_005_D,4,0.458620958286049,62.237,0.542850517026843,7,1.95
CE_FL,CE_FL_MO_03_16_005_D,5,0.49316079036439,62.237,0.542850517026843,7,1.95
CE_FL,CE_FL_MO_03_16_005_D,6,0.513556868418761,62.237,0.542850517026843,7,1.95
CE_FL,CE_FL_MO_03_16_005_D,7,0.531805156009655,62.237,0.542850517026843,7,1.95
CE_FL,CE_FL_MO_03_16_006_D,0,,57.844,0.439613214738857,1,1.95
CE_FL,CE_FL_MO_03_16_006_D,1,0.397175024391011,57.844,0.439613214738857,1,1.95
CE_FL,CE_FL_MO_03_16_007_D,0,0.015,38.597,0.306,0,1.95
CH_SO,CH_SO_MO_03_16_001,0,0.029,259.925,0.392729557158642,4,1.65
CH_SO,CH_SO_MO_03_16_001,1,0.231497576029926,259.925,0.392729557158642,4,1.65
CH_SO,CH_SO_MO_03_16_001,2,0.314762769729414,259.925,0.392729557158642,4,1.65
CH_SO,CH_SO_MO_03_16_001,3,0.348641109083573,259.925,0.392729557158642,4,1.65
CH_SO,CH_SO_MO_03_16_001,4,0.373161585348052,259.925,0.392729557158642,4,1.65
CH_SO,CH_SO_MO_03_16_002,0,0.03,259.003,0.424326811874058,4,1.65
CH_SO,CH_SO_MO_03_16_002,1,0.238648522982414,259.003,0.424326811874058,4,1.65
CH_SO,CH_SO_MO_03_16_002,2,0.296513425409672,259.003,0.424326811874058,4,1.65
CH_SO,CH_SO_MO_03_16_002,3,0.35009663256195,259.003,0.424326811874058,4,1.65
CH_SO,CH_SO_MO_03_16_002,4,0.394898933934934,259.003,0.424326811874058,4,1.65
CH_SO,CH_SO_MO_03_16_003,0,,233.867,0.442579136650845,4,1.65
CH_SO,CH_SO_MO_03_16_003,1,0.250038906262841,233.867,0.442579136650845,4,1.65
CH_SO,CH_SO_MO_03_16_003,2,0.32149552816376,233.867,0.442579136650845,4,1.65
CH_SO,CH_SO_MO_03_16_003,3,0.367480909133783,233.867,0.442579136650845,4,1.65
CH_SO,CH_SO_MO_03_16_003,4,0.410555444711501,233.867,0.442579136650845,4,1.65
CH_SO,CH_SO_MO_03_16_004,0,0.048,253.911,1.11257112800465,16,1.65
CH_SO,CH_SO_MO_03_16_004,1,0.281819954076628,253.911,1.11257112800465,16,1.65
CH_SO,CH_SO_MO_03_16_004,2,0.360233739251822,253.911,1.11257112800465,16,1.65
CH_SO,CH_SO_MO_03_16_004,3,0.431170336291151,253.911,1.11257112800465,16,1.65
CH_SO,CH_SO_MO_03_16_004,4,0.513983988250763,253.911,1.11257112800465,16,1.65
CH_SO,CH_SO_MO_03_16_004,5,0.578363039660252,253.911,1.11257112800465,16,1.65
CH_SO,CH_SO_MO_03_16_004,6,0.631795131039384,253.911,1.11257112800465,16,1.65
CH_SO,CH_SO_MO_03_16_004,7,0.704215088811004,253.911,1.11257112800465,16,1.65
CH_SO,CH_SO_MO_03_16_004,8,0.780728950203356,253.911,1.11257112800465,16,1.65
CH_SO,CH_SO_MO_03_16_004,9,0.837000719405518,253.911,1.11257112800465,16,1.65
CH_SO,CH_SO_MO_03_16_004,10,0.882262373184977,253.911,1.11257112800465,16,1.65
CH_SO,CH_SO_MO_03_16_004,11,0.923431539913484,253.911,1.11257112800465,16,1.65
CH_SO,CH_SO_MO_03_16_004,12,0.959016124752443,253.911,1.11257112800465,16,1.65
CH_SO,CH_SO_MO_03_16_004,13,0.999604551404971,253.911,1.11257112800465,16,1.65
CH_SO,CH_SO_MO_03_16_004,14,1.03671576655181,253.911,1.11257112800465,16,1.65
CH_SO,CH_SO_MO_03_16_004,15,1.06472382897108,253.911,1.11257112800465,16,1.65
CH_SO,CH_SO_MO_03_16_004,16,1.09228196369394,253.911,1.11257112800465,16,1.65
CH_SO,CH_SO_MO_03_16_005_D,0,0.024,229.083,0.631744009532461,8,1.65
CH_SO,CH_SO_MO_03_16_005_D,1,0.191116898237804,229.083,0.631744009532461,8,1.65
CH_SO,CH_SO_MO_03_16_005_D,2,0.253191025605177,229.083,0.631744009532461,8,1.65
CH_SO,CH_SO_MO_03_16_005_D,3,0.32175263327811,229.083,0.631744009532461,8,1.65
CH_SO,CH_SO_MO_03_16_005_D,4,0.378739957692025,229.083,0.631744009532461,8,1.65
CH_SO,CH_SO_MO_03_16_005_D,5,0.439912867507185,229.083,0.631744009532461,8,1.65
CH_SO,CH_SO_MO_03_16_005_D,6,0.496559061780704,229.083,0.631744009532461,8,1.65
CH_SO,CH_SO_MO_03_16_005_D,7,0.546452520909244,229.083,0.631744009532461,8,1.65
CH_SO,CH_SO_MO_03_16_005_D,8,0.592749155252329,229.083,0.631744009532461,8,1.65
CH_SO,CH_SO_MO_03_16_006_D,0,0.016,224.819,0.398730236345477,3,1.65
CH_SO,CH_SO_MO_03_16_006_D,1,0.275495916485163,224.819,0.398730236345477,3,1.65
CH_SO,CH_SO_MO_03_16_006_D,2,0.314393217162716,224.819,0.398730236345477,3,1.65
CH_SO,CH_SO_MO_03_16_006_D,3,0.366824124078389,224.819,0.398730236345477,3,1.65
CH_SO,CH_SO_MO_03_16_007,0,,233.824,0.463172981495701,4,1.65
CH_SO,CH_SO_MO_03_16_007,1,0.287387632203393,233.824,0.463172981495701,4,1.65
CH_SO,CH_SO_MO_03_16_007,2,0.357765931073034,233.824,0.463172981495701,4,1.65
CH_SO,CH_SO_MO_03_16_007,3,0.403918414273444,233.824,0.463172981495701,4,1.65
CH_SO,CH_SO_MO_03_16_007,4,0.43662532059919,233.824,0.463172981495701,4,1.65
CH_SO,CH_SO_MO_03_16_008,0,,233.969,0.582246719587046,7,1.65
CH_SO,CH_SO_MO_03_16_008,1,0.239083406126424,233.969,0.582246719587046,7,1.65
CH_SO,CH_SO_MO_03_16_008,2,0.288640132118557,233.969,0.582246719587046,7,1.65
CH_SO,CH_SO_MO_03_16_008,3,0.339820770798802,233.969,0.582246719587046,7,1.65
CH_SO,CH_SO_MO_03_16_008,4,0.400649652202452,233.969,0.582246719587046,7,1.65
CH_SO,CH_SO_MO_03_16_008,5,0.459586874994958,233.969,0.582246719587046,7,1.65
CH_SO,CH_SO_MO_03_16_008,6,0.507330942889319,233.969,0.582246719587046,7,1.65
CH_SO,CH_SO_MO_03_16_008,7,0.547644088210559,233.969,0.582246719587046,7,1.65
CH_SO,CH_SO_MO_03_16_009,0,0.027,207.577,0.387437846428836,2,1.65
CH_SO,CH_SO_MO_03_16_009,1,0.264810631264968,207.577,0.387437846428836,2,1.65
CH_SO,CH_SO_MO_03_16_009,2,0.335256309960873,207.577,0.387437846428836,2,1.65
CH_SO,CH_SO_MO_03_16_010,0,0.018,186.285,0.345702415499058,2,1.65
CH_SO,CH_SO_MO_03_16_010,1,0.215370613823216,186.285,0.345702415499058,2,1.65
CH_SO,CH_SO_MO_03_16_010,2,0.290123639612434,186.285,0.345702415499058,2,1.65
CH_SO,CH_SO_MO_03_16_011,0,,205.486,0.292435591449177,1,1.65
CH_SO,CH_SO_MO_03_16_011,1,0.232616390047749,205.486,0.292435591449177,1,1.65
CH_SO,CH_SO_MO_03_16_012,0,,187.276,0.71097397288841,8,1.65
CH_SO,CH_SO_MO_03_16_012,1,0.308753947343188,187.276,0.71097397288841,8,1.65
CH_SO,CH_SO_MO_03_16_012,2,0.386400582814404,187.276,0.71097397288841,8,1.65
CH_SO,CH_SO_MO_03_16_012,3,0.434566961129574,187.276,0.71097397288841,8,1.65
CH_SO,CH_SO_MO_03_16_012,4,0.482420905585595,187.276,0.71097397288841,8,1.65
CH_SO,CH_SO_MO_03_16_012,5,0.542628878479557,187.276,0.71097397288841,8,1.65
CH_SO,CH_SO_MO_03_16_012,6,0.609993557651954,187.276,0.71097397288841,8,1.65
CH_SO,CH_SO_MO_03_16_012,7,0.667002328906911,187.276,0.71097397288841,8,1.65
CH_SO,CH_SO_MO_03_16_012,8,0.695162584587568,187.276,0.71097397288841,8,1.65
CH_SO,CH_SO_MO_03_16_013,0,,172.927,0.490953290346611,4,1.65
CH_SO,CH_SO_MO_03_16_013,1,0.263335051574764,172.927,0.490953290346611,4,1.65
CH_SO,CH_SO_MO_03_16_013,2,0.338174694165151,172.927,0.490953290346611,4,1.65
CH_SO,CH_SO_MO_03_16_013,3,0.400273533265298,172.927,0.490953290346611,4,1.65
CH_SO,CH_SO_MO_03_16_013,4,0.46089307056805,172.927,0.490953290346611,4,1.65
CH_SO,CH_SO_MO_03_16_014_D,0,0.022,192.397,0.557453392702661,6,1.65
CH_SO,CH_SO_MO_03_16_014_D,1,0.241313382516357,192.397,0.557453392702661,6,1.65
CH_SO,CH_SO_MO_03_16_014_D,2,0.313973165397815,192.397,0.557453392702661,6,1.65
CH_SO,CH_SO_MO_03_16_014_D,3,0.371362619833414,192.397,0.557453392702661,6,1.65
CH_SO,CH_SO_MO_03_16_014_D,4,0.423228637574006,192.397,0.557453392702661,6,1.65
CH_SO,CH_SO_MO_03_16_014_D,5,0.476831101580266,192.397,0.557453392702661,6,1.65
CH_SO,CH_SO_MO_03_16_014_D,6,0.521982994465296,192.397,0.557453392702661,6,1.65
CH_SO,CH_SO_MO_03_16_015,0,,165.775,0.363225811093472,2,1.65
CH_SO,CH_SO_MO_03_16_015,1,0.247606542724541,165.775,0.363225811093472,2,1.65
CH_SO,CH_SO_MO_03_16_015,2,0.323665730203767,165.775,0.363225811093472,2,1.65
CH_SO,CH_SO_MO_03_16_016,0,,165.372,0.29026039415709,2,1.65
CH_SO,CH_SO_MO_03_16_016,1,0.225814847018258,165.372,0.29026039415709,2,1.65
CH_SO,CH_SO_MO_03_16_016,2,0.268491927959155,165.372,0.29026039415709,2,1.65
CH_SO,CH_SO_MO_03_16_017,0,,160.864,0.316513895198673,1,1.65
CH_SO,CH_SO_MO_03_16_017,1,0.282888908002803,160.864,0.316513895198673,1,1.65
CH_SO,CH_SO_MO_03_16_018,0,0.035,167.702,0.219511473326748,2,1.65
CH_SO,CH_SO_MO_03_16_018,1,0.219511473326748,167.702,0.219511473326748,2,1.65
CH_SO,CH_SO_MO_03_16_018,2,0.219511473326748,167.702,0.219511473326748,2,1.65
CH_SO,CH_SO_MO_03_16_019_D,0,,148.821,0.361249202627793,1,1.65
CH_SO,CH_SO_MO_03_16_019_D,1,0.339884062963315,148.821,0.361249202627793,1,1.65
CH_SO,CH_SO_TA_03_16_025,0,,236.079,0.385869237735261,5,1.65
CH_SO,CH_SO_TA_03_16_025,1,0.254625822126277,236.079,0.385869237735261,5,1.65
CH_SO,CH_SO_TA_03_16_025,2,0.290680626917372,236.079,0.385869237735261,5,1.65
CH_SO,CH_SO_TA_03_16_025,3,0.314784425689284,236.079,0.385869237735261,5,1.65
CH_SO,CH_SO_TA_03_16_025,4,0.338996979423197,236.079,0.385869237735261,5,1.65
CH_SO,CH_SO_TA_03_16_025,5,0.363007391572661,236.079,0.385869237735261,5,1.65
CH_SO,CH_SO_TA_03_16_026,0,,302.481,0.475205428294083,3,1.65
CH_SO,CH_SO_TA_03_16_026,1,0.336001488091943,302.481,0.475205428294083,3,1.65
CH_SO,CH_SO_TA_03_16_026,2,0.419362150277412,302.481,0.475205428294083,3,1.65
CH_SO,CH_SO_TA_03_16_026,3,0.459174208752201,302.481,0.475205428294083,3,1.65
CT_ST,CT_ST_MO_03_16_001,0,0.016,129.091,0.51451610668755,8,1.7
CT_ST,CT_ST_MO_03_16_001,1,0.228005726273626,129.091,0.51451610668755,8,1.7
CT_ST,CT_ST_MO_03_16_001,2,0.288200182303309,129.091,0.51451610668755,8,1.7
CT_ST,CT_ST_MO_03_16_001,3,0.336544462879753,129.091,0.51451610668755,8,1.7
CT_ST,CT_ST_MO_03_16_001,4,0.365516768070382,129.091,0.51451610668755,8,1.7
CT_ST,CT_ST_MO_03_16_001,5,0.395560070890412,129.091,0.51451610668755,8,1.7
CT_ST,CT_ST_MO_03_16_001,6,0.431828681073349,129.091,0.51451610668755,8,1.7
CT_ST,CT_ST_MO_03_16_001,7,0.46455329084706,129.091,0.51451610668755,8,1.7
CT_ST,CT_ST_MO_03_16_001,8,0.494609930659313,129.091,0.51451610668755,8,1.7
CT_ST,CT_ST_MO_03_16_002_D,0,,117.294,0.526127326096124,7,1.7
CT_ST,CT_ST_MO_03_16_002_D,1,0.239884824476652,117.294,0.526127326096124,7,1.7
CT_ST,CT_ST_MO_03_16_002_D,2,0.330790974307098,117.294,0.526127326096124,7,1.7
CT_ST,CT_ST_MO_03_16_002_D,3,0.387006872419601,117.294,0.526127326096124,7,1.7
CT_ST,CT_ST_MO_03_16_002_D,4,0.420320884416433,117.294,0.526127326096124,7,1.7
CT_ST,CT_ST_MO_03_16_002_D,5,0.452495019148803,117.294,0.526127326096124,7,1.7
CT_ST,CT_ST_MO_03_16_002_D,6,0.479513531321015,117.294,0.526127326096124,7,1.7
CT_ST,CT_ST_MO_03_16_002_D,7,0.504033939473676,117.294,0.526127326096124,7,1.7
CT_ST,CT_ST_MO_03_16_003_D,0,,137.803,0.598158653539909,6,1.7
CT_ST,CT_ST_MO_03_16_003_D,1,0.332666510134306,137.803,0.598158653539909,6,1.7
CT_ST,CT_ST_MO_03_16_003_D,2,0.400826973796236,137.803,0.598158653539909,6,1.7
CT_ST,CT_ST_MO_03_16_003_D,3,0.442755718579176,137.803,0.598158653539909,6,1.7
CT_ST,CT_ST_MO_03_16_003_D,4,0.488815134430166,137.803,0.598158653539909,6,1.7
CT_ST,CT_ST_MO_03_16_003_D,5,0.541337689234346,137.803,0.598158653539909,6,1.7
CT_ST,CT_ST_MO_03_16_003_D,6,0.573551628203908,137.803,0.598158653539909,6,1.7
CT_ST,CT_ST_MO_03_16_004,0,0.011,130.087,0.604061709742482,13,1.7
CT_ST,CT_ST_MO_03_16_004,1,0.295856807978964,130.087,0.604061709742482,13,1.7
CT_ST,CT_ST_MO_03_16_004,2,0.349822256113174,130.087,0.604061709742482,13,1.7
CT_ST,CT_ST_MO_03_16_004,3,0.373088822565209,130.087,0.604061709742482,13,1.7
CT_ST,CT_ST_MO_03_16_004,4,0.393258258974057,130.087,0.604061709742482,13,1.7
CT_ST,CT_ST_MO_03_16_004,5,0.420806526197845,130.087,0.604061709742482,13,1.7
CT_ST,CT_ST_MO_03_16_004,6,0.449897633963816,130.087,0.604061709742482,13,1.7
CT_ST,CT_ST_MO_03_16_004,7,0.47108303590669,130.087,0.604061709742482,13,1.7
CT_ST,CT_ST_MO_03_16_004,8,0.48928501148305,130.087,0.604061709742482,13,1.7
CT_ST,CT_ST_MO_03_16_004,9,0.506394506280436,130.087,0.604061709742482,13,1.7
CT_ST,CT_ST_MO_03_16_004,10,0.52867093671877,130.087,0.604061709742482,13,1.7
CT_ST,CT_ST_MO_03_16_004,11,0.548369783454392,130.087,0.604061709742482,13,1.7
CT_ST,CT_ST_MO_03_16_004,12,0.56879827413694,130.087,0.604061709742482,13,1.7
CT_ST,CT_ST_MO_03_16_004,13,0.585925049677058,130.087,0.604061709742482,13,1.7
CT_ST,CT_ST_MO_03_16_005,0,0.012,139.313,0.58838629948427,8,1.7
CT_ST,CT_ST_MO_03_16_005,1,0.270309562964492,139.313,0.58838629948427,8,1.7
CT_ST,CT_ST_MO_03_16_005,2,0.355623846908844,139.313,0.58838629948427,8,1.7
CT_ST,CT_ST_MO_03_16_005,3,0.405499013483017,139.313,0.58838629948427,8,1.7
CT_ST,CT_ST_MO_03_16_005,4,0.454370225970452,139.313,0.58838629948427,8,1.7
CT_ST,CT_ST_MO_03_16_005,5,0.492460696070176,139.313,0.58838629948427,8,1.7
CT_ST,CT_ST_MO_03_16_005,6,0.513505089269755,139.313,0.58838629948427,8,1.7
CT_ST,CT_ST_MO_03_16_005,7,0.537416839523943,139.313,0.58838629948427,8,1.7
CT_ST,CT_ST_MO_03_16_005,8,0.562684102027332,139.313,0.58838629948427,8,1.7
CT_ST,CT_ST_MO_03_16_006,0,,130.921,0.556165274322168,7,1.7
CT_ST,CT_ST_MO_03_16_006,1,0.284769922430106,130.921,0.556165274322168,7,1.7
CT_ST,CT_ST_MO_03_16_006,2,0.371305832315302,130.921,0.556165274322168,7,1.7
CT_ST,CT_ST_MO_03_16_006,3,0.403519787358031,130.921,0.556165274322168,7,1.7
CT_ST,CT_ST_MO_03_16_006,4,0.433401709774724,130.921,0.556165274322168,7,1.7
CT_ST,CT_ST_MO_03_16_006,5,0.465218457469603,130.921,0.556165274322168,7,1.7
CT_ST,CT_ST_MO_03_16_006,6,0.503671830705236,130.921,0.556165274322168,7,1.7
CT_ST,CT_ST_MO_03_16_006,7,0.531062275868463,130.921,0.556165274322168,7,1.7
CT_ST,CT_ST_MO_03_16_007_D,0,,166.89,0.628051410178106,6,1.7
CT_ST,CT_ST_MO_03_16_007_D,1,0.297787228446421,166.89,0.628051410178106,6,1.7
CT_ST,CT_ST_MO_03_16_007_D,2,0.375769502706352,166.89,0.628051410178106,6,1.7
CT_ST,CT_ST_MO_03_16_007_D,3,0.427693222963188,166.89,0.628051410178106,6,1.7
CT_ST,CT_ST_MO_03_16_007_D,4,0.47890681355323,166.89,0.628051410178106,6,1.7
CT_ST,CT_ST_MO_03_16_007_D,5,0.526960674196562,166.89,0.628051410178106,6,1.7
CT_ST,CT_ST_MO_03_16_007_D,6,0.582156690454892,166.89,0.628051410178106,6,1.7
CT_ST,CT_ST_MO_03_16_008,0,,172.337,0.678142571201516,8,1.7
CT_ST,CT_ST_MO_03_16_008,1,0.264708586411632,172.337,0.678142571201516,8,1.7
CT_ST,CT_ST_MO_03_16_008,2,0.362582365984322,172.337,0.678142571201516,8,1.7
CT_ST,CT_ST_MO_03_16_008,3,0.415843384113825,172.337,0.678142571201516,8,1.7
CT_ST,CT_ST_MO_03_16_008,4,0.466828787722701,172.337,0.678142571201516,8,1.7
CT_ST,CT_ST_MO_03_16_008,5,0.515112811775226,172.337,0.678142571201516,8,1.7
CT_ST,CT_ST_MO_03_16_008,6,0.566176943850637,172.337,0.678142571201516,8,1.7
CT_ST,CT_ST_MO_03_16_008,7,0.614392373407497,172.337,0.678142571201516,8,1.7
CT_ST,CT_ST_MO_03_16_008,8,0.649833587780265,172.337,0.678142571201516,8,1.7
CT_ST,CT_ST_MO_03_16_009_D,0,,157.309,0.899575156314883,15,1.7
CT_ST,CT_ST_MO_03_16_009_D,1,0.334069684778579,157.309,0.899575156314883,15,1.7
CT_ST,CT_ST_MO_03_16_009_D,2,0.396102756929063,157.309,0.899575156314883,15,1.7
CT_ST,CT_ST_MO_03_16_009_D,3,0.450947550820338,157.309,0.899575156314883,15,1.7
CT_ST,CT_ST_MO_03_16_009_D,4,0.502738470175966,157.309,0.899575156314883,15,1.7
CT_ST,CT_ST_MO_03_16_009_D,5,0.540692355057721,157.309,0.899575156314883,15,1.7
CT_ST,CT_ST_MO_03_16_009_D,6,0.575846471965741,157.309,0.899575156314883,15,1.7
CT_ST,CT_ST_MO_03_16_009_D,7,0.608470987462338,157.309,0.899575156314883,15,1.7
CT_ST,CT_ST_MO_03_16_009_D,8,0.639970987462338,157.309,0.899575156314883,15,1.7
CT_ST,CT_ST_MO_03_16_009_D,9,0.668595502958935,157.309,0.899575156314883,15,1.7
CT_ST,CT_ST_MO_03_16_009_D,10,0.700291185365296,157.309,0.899575156314883,15,1.7
CT_ST,CT_ST_MO_03_16_009_D,11,0.729835982329559,157.309,0.899575156314883,15,1.7
CT_ST,CT_ST_MO_03_16_009_D,12,0.764567095479775,157.309,0.899575156314883,15,1.7
CT_ST,CT_ST_MO_03_16_009_D,13,0.801457657731726,157.309,0.899575156314883,15,1.7
CT_ST,CT_ST_MO_03_16_009_D,14,0.8374936219064,157.309,0.899575156314883,15,1.7
CT_ST,CT_ST_MO_03_16_009_D,15,0.868035874353731,157.309,0.899575156314883,15,1.7
CT_ST,CT_ST_MO_03_16_012_D,0,0.011,109.288,0.499518321134692,6,1.7
CT_ST,CT_ST_MO_03_16_012_D,1,0.256154563006944,109.288,0.499518321134692,6,1.7
CT_ST,CT_ST_MO_03_16_012_D,2,0.31344772299404,109.288,0.499518321134692,6,1.7
CT_ST,CT_ST_MO_03_16_012_D,3,0.365841641296687,109.288,0.499518321134692,6,1.7
CT_ST,CT_ST_MO_03_16_012_D,4,0.406972655810873,109.288,0.499518321134692,6,1.7
CT_ST,CT_ST_MO_03_16_012_D,5,0.445661890284237,109.288,0.499518321134692,6,1.7
CT_ST,CT_ST_MO_03_16_012_D,6,0.475745572440668,109.288,0.499518321134692,6,1.7
CT_ST,CT_ST_MO_03_16_013,0,0.015,152.218,0.60286349300601,7,1.7
CT_ST,CT_ST_MO_03_16_013,1,0.257982207716803,152.218,0.60286349300601,7,1.7
CT_ST,CT_ST_MO_03_16_013,2,0.33938365590908,152.218,0.60286349300601,7,1.7
CT_ST,CT_ST_MO_03_16_013,3,0.41252487066888,152.218,0.60286349300601,7,1.7
CT_ST,CT_ST_MO_03_16_013,4,0.468679053078718,152.218,0.60286349300601,7,1.7
CT_ST,CT_ST_MO_03_16_013,5,0.508537314399375,152.218,0.60286349300601,7,1.7
CT_ST,CT_ST_MO_03_16_013,6,0.542764482560153,152.218,0.60286349300601,7,1.7
CT_ST,CT_ST_MO_03_16_013,7,0.574557042011154,152.218,0.60286349300601,7,1.7
CT_ST,CT_ST_MO_03_16_014_D,0,0.01,146.409,0.938893113072993,15,1.7
CT_ST,CT_ST_MO_03_16_014_D,1,0.330482323957746,146.409,0.938893113072993,15,1.7
CT_ST,CT_ST_MO_03_16_014_D,2,0.396998969052203,146.409,0.938893113072993,15,1.7
CT_ST,CT_ST_MO_03_16_014_D,3,0.46015984200063,146.409,0.938893113072993,15,1.7
CT_ST,CT_ST_MO_03_16_014_D,4,0.510804131363781,146.409,0.938893113072993,15,1.7
CT_ST,CT_ST_MO_03_16_014_D,5,0.551458826549469,146.409,0.938893113072993,15,1.7
CT_ST,CT_ST_MO_03_16_014_D,6,0.59382575534821,146.409,0.938893113072993,15,1.7
CT_ST,CT_ST_MO_03_16_014_D,7,0.643106680052227,146.409,0.938893113072993,15,1.7
CT_ST,CT_ST_MO_03_16_014_D,8,0.68273396023064,146.409,0.938893113072993,15,1.7
CT_ST,CT_ST_MO_03_16_014_D,9,0.729146708015842,146.409,0.938893113072993,15,1.7
CT_ST,CT_ST_MO_03_16_014_D,10,0.765000219418786,146.409,0.938893113072993,15,1.7
CT_ST,CT_ST_MO_03_16_014_D,11,0.796195473905062,146.409,0.938893113072993,15,1.7
CT_ST,CT_ST_MO_03_16_014_D,12,0.828873989999336,146.409,0.938893113072993,15,1.7
CT_ST,CT_ST_MO_03_16_014_D,13,0.851562186671993,146.409,0.938893113072993,15,1.7
CT_ST,CT_ST_MO_03_16_014_D,14,0.885069760691212,146.409,0.938893113072993,15,1.7
CT_ST,CT_ST_MO_03_16_014_D,15,0.91290742064196,146.409,0.938893113072993,15,1.7
CT_ST,CT_ST_MO_03_16_015,0,,159.631,0.778303851498393,11,1.7
CT_ST,CT_ST_MO_03_16_015,1,0.365500521106067,159.631,0.778303851498393,11,1.7
CT_ST,CT_ST_MO_03_16_015,2,0.445977039458123,159.631,0.778303851498393,11,1.7
CT_ST,CT_ST_MO_03_16_015,3,0.488609096207599,159.631,0.778303851498393,11,1.7
CT_ST,CT_ST_MO_03_16_015,4,0.527827841044627,159.631,0.778303851498393,11,1.7
CT_ST,CT_ST_MO_03_16_015,5,0.574222326860053,159.631,0.778303851498393,11,1.7
CT_ST,CT_ST_MO_03_16_015,6,0.608929382755643,159.631,0.778303851498393,11,1.7
CT_ST,CT_ST_MO_03_16_015,7,0.639744286244186,159.631,0.778303851498393,11,1.7
CT_ST,CT_ST_MO_03_16_015,8,0.672306130765517,159.631,0.778303851498393,11,1.7
CT_ST,CT_ST_MO_03_16_015,9,0.703844737040137,159.631,0.778303851498393,11,1.7
CT_ST,CT_ST_MO_03_16_015,10,0.73744106046083,159.631,0.778303851498393,11,1.7
CT_ST,CT_ST_MO_03_16_015,11,0.761117449954647,159.631,0.778303851498393,11,1.7
CT_ST,CT_ST_MO_03_16_016_D,0,0.009,128.228,0.659954408121513,11,1.7
CT_ST,CT_ST_MO_03_16_016_D,1,0.281906951690664,128.228,0.659954408121513,11,1.7
CT_ST,CT_ST_MO_03_16_016_D,2,0.359036461869978,128.228,0.659954408121513,11,1.7
CT_ST,CT_ST_MO_03_16_016_D,3,0.403545960210004,128.228,0.659954408121513,11,1.7
CT_ST,CT_ST_MO_03_16_016_D,4,0.442232960977484,128.228,0.659954408121513,11,1.7
CT_ST,CT_ST_MO_03_16_016_D,5,0.46952518968126,128.228,0.659954408121513,11,1.7
CT_ST,CT_ST_MO_03_16_016_D,6,0.500980404904462,128.228,0.659954408121513,11,1.7
CT_ST,CT_ST_MO_03_16_016_D,7,0.532620724874103,128.228,0.659954408121513,11,1.7
CT_ST,CT_ST_MO_03_16_016_D,8,0.562620724874103,128.228,0.659954408121513,11,1.7
CT_ST,CT_ST_MO_03_16_016_D,9,0.586221760958889,128.228,0.659954408121513,11,1.7
CT_ST,CT_ST_MO_03_16_016_D,10,0.61231762511845,128.228,0.659954408121513,11,1.7
CT_ST,CT_ST_MO_03_16_016_D,11,0.636911011740897,128.228,0.659954408121513,11,1.7
CT_ST,CT_ST_MO_03_16_017,0,0.013,140.368,0.674712511262641,10,1.7
CT_ST,CT_ST_MO_03_16_017,1,0.323574201965424,140.368,0.674712511262641,10,1.7
CT_ST,CT_ST_MO_03_16_017,2,0.406394828478341,140.368,0.674712511262641,10,1.7
CT_ST,CT_ST_MO_03_16_017,3,0.445257196603657,140.368,0.674712511262641,10,1.7
CT_ST,CT_ST_MO_03_16_017,4,0.474784952980977,140.368,0.674712511262641,10,1.7
CT_ST,CT_ST_MO_03_16_017,5,0.506812709358297,140.368,0.674712511262641,10,1.7
CT_ST,CT_ST_MO_03_16_017,6,0.540495316855907,140.368,0.674712511262641,10,1.7
CT_ST,CT_ST_MO_03_16_017,7,0.575702223181653,140.368,0.674712511262641,10,1.7
CT_ST,CT_ST_MO_03_16_017,8,0.603429695085938,140.368,0.674712511262641,10,1.7
CT_ST,CT_ST_MO_03_16_017,9,0.632019373397952,140.368,0.674712511262641,10,1.7
CT_ST,CT_ST_MO_03_16_017,10,0.654612760020399,140.368,0.674712511262641,10,1.7
SC_PS,SC_PS_MO_03_16_001,0,,182.608,0.32823227683032,2,1.65
SC_PS,SC_PS_MO_03_16_001,1,0.239398957026626,182.608,0.32823227683032,2,1.65
SC_PS,SC_PS_MO_03_16_001,2,0.299214958324943,182.608,0.32823227683032,2,1.65
SC_PS,SC_PS_MO_03_16_002,0,0.027,172.464,0.262671098047787,1,1.65
SC_PS,SC_PS_MO_03_16_002,1,0.227134445975307,172.464,0.262671098047787,1,1.65
SC_PS,SC_PS_MO_03_16_003,0,0.03,171.429,0.331969719216567,2,1.65
SC_PS,SC_PS_MO_03_16_003,1,0.245712314516434,171.429,0.331969719216567,2,1.65
SC_PS,SC_PS_MO_03_16_003,2,0.304792501844279,171.429,0.331969719216567,2,1.65
SC_PS,SC_PS_TA_03_16_016,0,0.019,265.56,0.427175254548323,6,1.65
SC_PS,SC_PS_TA_03_16_016,1,0.217654052019544,265.56,0.427175254548323,6,1.65
SC_PS,SC_PS_TA_03_16_016,2,0.268293110841037,265.56,0.427175254548323,6,1.65
SC_PS,SC_PS_TA_03_16_016,3,0.322317425995522,265.56,0.427175254548323,6,1.65
SC_PS,SC_PS_TA_03_16_016,4,0.354680532702176,265.56,0.427175254548323,6,1.65
SC_PS,SC_PS_TA_03_16_016,5,0.387462706548774,265.56,0.427175254548323,6,1.65
SC_PS,SC_PS_TA_03_16_016,6,0.414136849737918,265.56,0.427175254548323,6,1.65
SC_PS,SC_PS_TA_03_16_017,0,0.03,251.314,0.35057900867621,4,1.65
SC_PS,SC_PS_TA_03_16_017,1,0.211400094607358,251.314,0.35057900867621,4,1.65
SC_PS,SC_PS_TA_03_16_017,2,0.271815324475331,251.314,0.35057900867621,4,1.65
SC_PS,SC_PS_TA_03_16_017,3,0.311375405365036,251.314,0.35057900867621,4,1.65
SC_PS,SC_PS_TA_03_16_017,4,0.33357900867621,251.314,0.35057900867621,4,1.65
SC_PS,SC_PS_TA_03_16_018,0,,239.274,0.458748435553789,4,1.65
SC_PS,SC_PS_TA_03_16_018,1,0.286244650605038,239.274,0.458748435553789,4,1.65
SC_PS,SC_PS_TA_03_16_018,2,0.354156357990436,239.274,0.458748435553789,4,1.65
SC_PS,SC_PS_TA_03_16_018,3,0.404485276119083,239.274,0.458748435553789,4,1.65
SC_PS,SC_PS_TA_03_16_018,4,0.438499978822473,239.274,0.458748435553789,4,1.65
SC_PS,SC_PS_TA_03_16_019,0,0.028,233.782,0.380977122821739,3,1.65
SC_PS,SC_PS_TA_03_16_019,1,0.244258947192943,233.782,0.380977122821739,3,1.65
SC_PS,SC_PS_TA_03_16_019,2,0.314800935635736,233.782,0.380977122821739,3,1.65
SC_PS,SC_PS_TA_03_16_019,3,0.353593926913016,233.782,0.380977122821739,3,1.65
SC_PS,SC_PS_TA_03_16_020,0,0.02,231.271,0.377914489424654,2,1.65
SC_PS,SC_PS_TA_03_16_020,1,0.265554250796041,231.271,0.377914489424654,2,1.65
SC_PS,SC_PS_TA_03_16_020,2,0.331734494529743,231.271,0.377914489424654,2,1.65
ST_AL,ST_AL_MO_03_16_001,0,,78.303,0.635616117007261,8,3.05
ST_AL,ST_AL_MO_03_16_001,1,0.280713376952364,78.303,0.635616117007261,8,3.05
ST_AL,ST_AL_MO_03_16_001,2,0.350067540489963,78.303,0.635616117007261,8,3.05
ST_AL,ST_AL_MO_03_16_001,3,0.401545691194898,78.303,0.635616117007261,8,3.05
ST_AL,ST_AL_MO_03_16_001,4,0.439558846812394,78.303,0.635616117007261,8,3.05
ST_AL,ST_AL_MO_03_16_001,5,0.480898900029583,78.303,0.635616117007261,8,3.05
ST_AL,ST_AL_MO_03_16_001,6,0.530305377337726,78.303,0.635616117007261,8,3.05
ST_AL,ST_AL_MO_03_16_001,7,0.571487897901674,78.303,0.635616117007261,8,3.05
ST_AL,ST_AL_MO_03_16_001,8,0.61229230942788,78.303,0.635616117007261,8,3.05
ST_AL,ST_AL_MO_03_16_002,0,,62.61,0.35375278728881,2,3.05
ST_AL,ST_AL_MO_03_16_002,1,0.235061131649125,62.61,0.35375278728881,2,3.05
ST_AL,ST_AL_MO_03_16_002,2,0.304970933780726,62.61,0.35375278728881,2,3.05
ST_AL,ST_AL_MO_03_16_003,0,,66.255,0.389183845733898,3,3.05
ST_AL,ST_AL_MO_03_16_003,1,0.26220726760064,66.255,0.389183845733898,3,3.05
ST_AL,ST_AL_MO_03_16_003,2,0.313608373857331,66.255,0.389183845733898,3,3.05
ST_AL,ST_AL_MO_03_16_003,3,0.355942291819895,66.255,0.389183845733898,3,3.05
ST_AL,ST_AL_MO_03_16_004,0,,62.537,0.415757892317406,3,3.05
ST_AL,ST_AL_MO_03_16_004,1,0.285155573360258,62.537,0.415757892317406,3,3.05
ST_AL,ST_AL_MO_03_16_004,2,0.355039744135243,62.537,0.415757892317406,3,3.05
ST_AL,ST_AL_MO_03_16_004,3,0.387627746504671,62.537,0.415757892317406,3,3.05
ST_AL,ST_AL_MO_03_16_005,0,,53.439,0.372319764464308,2,3.05
ST_AL,ST_AL_MO_03_16_005,1,0.252381962069842,53.439,0.372319764464308,2,3.05
ST_AL,ST_AL_MO_03_16_005,2,0.337136045366438,53.439,0.372319764464308,2,3.05
ST_AL,ST_AL_MO_03_16_006,0,0.019,46.566,0.339885140659604,1,3.05
ST_AL,ST_AL_MO_03_16_006,1,0.276854651472932,46.566,0.339885140659604,1,3.05
ST_AL,ST_AL_MO_03_16_007,0,0.018,32.7,0.271582201323652,1,3.05
ST_AL,ST_AL_MO_03_16_007,1,0.241965231233866,32.7,0.271582201323652,1,3.05
ST_NI,ST_NI_MO_03_16_001_D,0,,106.293,0.877802755590645,12,3.05
ST_NI,ST_NI_MO_03_16_001_D,1,0.204713538898831,106.293,0.877802755590645,12,3.05
ST_NI,ST_NI_MO_03_16_001_D,2,0.293866980390189,106.293,0.877802755590645,12,3.05
ST_NI,ST_NI_MO_03_16_001_D,3,0.382812102604503,106.293,0.877802755590645,12,3.05
ST_NI,ST_NI_MO_03_16_001_D,4,0.465181782569326,106.293,0.877802755590645,12,3.05
ST_NI,ST_NI_MO_03_16_001_D,5,0.517670447584634,106.293,0.877802755590645,12,3.05
ST_NI,ST_NI_MO_03_16_001_D,6,0.573501752246647,106.293,0.877802755590645,12,3.05
ST_NI,ST_NI_MO_03_16_001_D,7,0.625821539123511,106.293,0.877802755590645,12,3.05
ST_NI,ST_NI_MO_03_16_001_D,8,0.68358116021836,106.293,0.877802755590645,12,3.05
ST_NI,ST_NI_MO_03_16_001_D,9,0.732652667739514,106.293,0.877802755590645,12,3.05
ST_NI,ST_NI_MO_03_16_001_D,10,0.776661791641471,106.293,0.877802755590645,12,3.05
ST_NI,ST_NI_MO_03_16_001_D,11,0.815365826355943,106.293,0.877802755590645,12,3.05
ST_NI,ST_NI_MO_03_16_001_D,12,0.850477662218217,106.293,0.877802755590645,12,3.05
ST_NI,ST_NI_MO_03_16_002_D,0,,104.241,0.60733549869571,7,3.05
ST_NI,ST_NI_MO_03_16_002_D,1,0.239405661516205,104.241,0.60733549869571,7,3.05
ST_NI,ST_NI_MO_03_16_002_D,2,0.326179368782878,104.241,0.60733549869571,7,3.05
ST_NI,ST_NI_MO_03_16_002_D,3,0.373981413499404,104.241,0.60733549869571,7,3.05
ST_NI,ST_NI_MO_03_16_002_D,4,0.441605182588444,104.241,0.60733549869571,7,3.05
ST_NI,ST_NI_MO_03_16_002_D,5,0.497831418019951,104.241,0.60733549869571,7,3.05
ST_NI,ST_NI_MO_03_16_002_D,6,0.542073970066385,104.241,0.60733549869571,7,3.05
ST_NI,ST_NI_MO_03_16_002_D,7,0.57942513419513,104.241,0.60733549869571,7,3.05
ST_NI,ST_NI_MO_03_16_003_D,0,0.03,103.981,0.583211729385632,7,3.05
ST_NI,ST_NI_MO_03_16_003_D,1,0.280528073461463,103.981,0.583211729385632,7,3.05
ST_NI,ST_NI_MO_03_16_003_D,2,0.344909747872743,103.981,0.583211729385632,7,3.05
ST_NI,ST_NI_MO_03_16_003_D,3,0.41985639556295,103.981,0.583211729385632,7,3.05
ST_NI,ST_NI_MO_03_16_003_D,4,0.456869906609593,103.981,0.583211729385632,7,3.05
ST_NI,ST_NI_MO_03_16_003_D,5,0.492253518635501,103.981,0.583211729385632,7,3.05
ST_NI,ST_NI_MO_03_16_003_D,6,0.523366217007709,103.981,0.583211729385632,7,3.05
ST_NI,ST_NI_MO_03_16_003_D,7,0.555193877933388,103.981,0.583211729385632,7,3.05
ST_NI,ST_NI_MO_03_16_004,0,,102.221,0.907141805546349,12,3.05
ST_NI,ST_NI_MO_03_16_004,1,0.243855821610666,102.221,0.907141805546349,12,3.05
ST_NI,ST_NI_MO_03_16_004,2,0.328670703748292,102.221,0.907141805546349,12,3.05
ST_NI,ST_NI_MO_03_16_004,3,0.400969693171634,102.221,0.907141805546349,12,3.05
ST_NI,ST_NI_MO_03_16_004,4,0.47451231525406,102.221,0.907141805546349,12,3.05
ST_NI,ST_NI_MO_03_16_004,5,0.559988231176914,102.221,0.907141805546349,12,3.05
ST_NI,ST_NI_MO_03_16_004,6,0.61277307782698,102.221,0.907141805546349,12,3.05
ST_NI,ST_NI_MO_03_16_004,7,0.669674690683588,102.221,0.907141805546349,12,3.05
ST_NI,ST_NI_MO_03_16_004,8,0.697644161379881,102.221,0.907141805546349,12,3.05
ST_NI,ST_NI_MO_03_16_004,9,0.74086374825758,102.221,0.907141805546349,12,3.05
ST_NI,ST_NI_MO_03_16_004,10,0.789604069759763,102.221,0.907141805546349,12,3.05
ST_NI,ST_NI_MO_03_16_004,11,0.830656646712254,102.221,0.907141805546349,12,3.05
ST_NI,ST_NI_MO_03_16_004,12,0.876987389680367,102.221,0.907141805546349,12,3.05
ST_NI,ST_NI_MO_03_16_005,0,0.029,90.039,0.486659102523401,4,3.05
ST_NI,ST_NI_MO_03_16_005,1,0.242865113815675,90.039,0.486659102523401,4,3.05
ST_NI,ST_NI_MO_03_16_005,2,0.321894462875924,90.039,0.486659102523401,4,3.05
ST_NI,ST_NI_MO_03_16_005,3,0.403732036265712,90.039,0.486659102523401,4,3.05
ST_NI,ST_NI_MO_03_16_005,4,0.455473230879752,90.039,0.486659102523401,4,3.05
ST_NI,ST_NI_MO_03_16_006,0,,60.144,0.452577918834159,3,3.05
ST_NI,ST_NI_MO_03_16_006,1,0.312210023367816,60.144,0.452577918834159,3,3.05
ST_NI,ST_NI_MO_03_16_006,2,0.389494997233948,60.144,0.452577918834159,3,3.05
ST_NI,ST_NI_MO_03_16_006,3,0.428163566500374,60.144,0.452577918834159,3,3.05
ST_NI,ST_NI_MO_03_16_007,0,,55.465,0.391987337156882,2,3.05
ST_NI,ST_NI_MO_03_16_007,1,0.290315986987615,55.465,0.391987337156882,2,3.05
ST_NI,ST_NI_MO_03_16_007,2,0.364952895303134,55.465,0.391987337156882,2,3.05
ST_NI,ST_NI_MO_03_16_008,0,0.019,47.167,0.356615828093517,2,3.05
ST_NI,ST_NI_MO_03_16_008,1,0.233587914598314,47.167,0.356615828093517,2,3.05
ST_NI,ST_NI_MO_03_16_008,2,0.310844711779488,47.167,0.356615828093517,2,3.05
ST_NI,ST_NI_MO_03_16_009,0,,42.436,0.375613804475255,2,3.05
ST_NI,ST_NI_MO_03_16_009,1,0.253413057946683,42.436,0.375613804475255,2,3.05
ST_NI,ST_NI_MO_03_16_009,2,0.341997922359648,42.436,0.375613804475255,2,3.05
ST_NI,ST_NI_MO_03_16_010,0,,45.772,0.352667390841861,2,3.05
ST_NI,ST_NI_MO_03_16_010,1,0.237693057965408,45.772,0.352667390841861,2,3.05
ST_NI,ST_NI_MO_03_16_010,2,0.316399066462738,45.772,0.352667390841861,2,3.05
ST_NI,ST_NI_MO_03_16_013_D,0,0.026,35.767,0.260352685018624,1,3.05
ST_NI,ST_NI_MO_03_16_013_D,1,0.227331784988479,35.767,0.260352685018624,1,3.05
